Age,Gender,MaritalStatus,GSS_Office_Branch,GSS_Job_Role,Monthly_Base_Salary_PHP,Hourly_Base_Rate_PHP,PSA_Core_Inflation_Percent,NCR_Statutory_Wage_Floor_PHP,OverTime,JobInvolvement,StandardHours,JobSatisfaction,EnvironmentSatisfaction,RelationshipSatisfaction,WorkLifeBalance,TotalWorkingYears,YearsAtCompany,YearsInCurrentRole,YearsSinceLastPromotion,Attrition
33,Male,Single,BGC Regional Operations Hub (via EDSA/Kalayaan),Specialized Shared Services Analyst,65000.0,373.56,4.4,780.0,true,3,80,3,4,1,3,14,0,0,0,false
42,Male,Married,BGC Regional Operations Hub (via EDSA/Kalayaan),Specialized Shared Services Analyst,48000.0,275.86,4.4,780.0,false,4,80,1,2,3,2,10,0,0,0,false
37,Male,Divorced,Makati Corporate GSS Head Office (via Gil Puyat Ave),Specialized Shared Services Analyst,65000.0,373.56,4.4,780.0,false,2,80,4,3,4,4,17,1,0,0,false
38,Male,Married,Alabang Shared Services Data Center (via SLEX Southern Line),Specialized Shared Services Analyst,48000.0,275.86,4.4,780.0,true,3,80,1,2,2,3,17,1,0,0,true
43,Female,Married,BGC Regional Operations Hub (via EDSA/Kalayaan),Shared Services Team Lead,72000.0,413.79,4.4,780.0,false,3,80,1,3,1,2,10,1,0,0,false
42,Male,Single,Makati Corporate GSS Head Office (via Gil Puyat Ave),Specialized Shared Services Analyst,65000.0,373.56,4.4,780.0,false,2,80,4,1,2,3,14,1,0,0,false
35,Male,Single,BGC Regional Operations Hub (via EDSA/Kalayaan),Specialized Shared Services Analyst,55000.0,316.09,4.4,780.0,false,2,80,2,3,3,3,10,1,1,0,false
31,Male,Married,Alabang Shared Services Data Center (via SLEX Southern Line),Shared Services Team Lead,90000.0,517.24,4.4,780.0,false,3,80,3,1,1,3,12,1,0,0,true
38,Female,Married,BGC Regional Operations Hub (via EDSA/Kalayaan),Specialized Shared Services Analyst,65000.0,373.56,4.4,780.0,false,3,80,3,3,3,3,18,1,0,0,false
35,Female,Divorced,Makati Corporate GSS Head Office (via Gil Puyat Ave),Specialized Shared Services Analyst,48000.0,275.86,4.4,780.0,false,3,80,1,4,1,4,16,1,0,0,false
37,Female,Married,BGC Regional Operations Hub (via EDSA/Kalayaan),Specialized Shared Services Analyst,55000.0,316.09,4.4,780.0,false,1,80,2,1,1,1,15,1,0,0,true
60,Male,Divorced,Makati Corporate GSS Head Office (via Gil Puyat Ave),Shared Services Team Lead,90000.0,517.24,4.4,780.0,false,1,80,4,3,3,4,19,1,0,0,false
38,Male,Married,Alabang Shared Services Data Center (via SLEX Southern Line),Specialized Shared Services Analyst,65000.0,373.56,4.4,780.0,true,1,80,4,2,3,3,15,1,0,1,false
38,Male,Divorced,Alabang Shared Services Data Center (via SLEX Southern Line),Specialized Shared Services Analyst,65000.0,373.56,4.4,780.0,false,3,80,4,4,2,3,10,2,2,1,false
46,Female,Married,Alabang Shared Services Data Center (via SLEX Southern Line),Shared Services Team Lead,90000.0,517.24,4.4,780.0,false,3,80,3,1,4,2,28,2,2,1,false
48,Male,Single,BGC Regional Operations Hub (via EDSA/Kalayaan),Specialized Shared Services Analyst,65000.0,373.56,4.4,780.0,false,2,80,3,1,4,3,19,2,2,2,false
40,Male,Divorced,BGC Regional Operations Hub (via EDSA/Kalayaan),Specialized Shared Services Analyst,65000.0,373.56,4.4,780.0,true,3,80,4,4,3,3,8,2,2,2,false
44,Male,Married,Makati Corporate GSS Head Office (via Gil Puyat Ave),Specialized Shared Services Analyst,48000.0,275.86,4.4,780.0,false,4,80,1,2,4,3,10,2,0,2,false
40,Male,Married,BGC Regional Operations Hub (via EDSA/Kalayaan),Specialized Shared Services Analyst,65000.0,373.56,4.4,780.0,false,2,80,4,4,4,1,5,3,2,0,false
57,Male,Married,Makati Corporate GSS Head Office (via Gil Puyat Ave),Specialized Shared Services Analyst,65000.0,373.56,4.4,780.0,false,3,80,3,4,3,3,15,3,2,1,false
33,Male,Divorced,Alabang Shared Services Data Center (via SLEX Southern Line),Shared Services Team Lead,90000.0,517.24,4.4,780.0,false,2,80,4,4,3,3,9,3,2,1,false
49,Male,Married,Alabang Shared Services Data Center (via SLEX Southern Line),Specialized Shared Services Analyst,65000.0,373.56,4.4,780.0,false,3,80,3,1,2,2,20,3,2,1,false
55,Male,Married,Makati Corporate GSS Head Office (via Gil Puyat Ave),Specialized Shared Services Analyst,65000.0,373.56,4.4,780.0,true,3,80,3,4,2,3,4,3,2,1,false
36,Female,Married,Alabang Shared Services Data Center (via SLEX Southern Line),Shared Services Team Lead,72000.0,413.79,4.4,780.0,false,3,80,1,2,3,3,9,3,2,0,false
36,Male,Married,Alabang Shared Services Data Center (via SLEX Southern Line),Specialized Shared Services Analyst,65000.0,373.56,4.4,780.0,false,3,80,3,1,2,2,10,3,2,0,false
29,Male,Single,Makati Corporate GSS Head Office (via Gil Puyat Ave),Specialized Shared Services Analyst,65000.0,373.56,4.4,780.0,true,4,80,3,4,4,4,10,3,2,0,false
41,Male,Single,Alabang Shared Services Data Center (via SLEX Southern Line),Specialized Shared Services Analyst,55000.0,316.09,4.4,780.0,false,4,80,2,2,1,1,11,3,2,1,false
44,Male,Married,BGC Regional Operations Hub (via EDSA/Kalayaan),Specialized Shared Services Analyst,65000.0,373.56,4.4,780.0,true,3,80,4,4,4,4,9,4,2,1,false
35,Male,Married,BGC Regional Operations Hub (via EDSA/Kalayaan),Shared Services Team Lead,72000.0,413.79,4.4,780.0,true,2,80,1,3,3,3,10,4,0,2,false
46,Male,Divorced,Makati Corporate GSS Head Office (via Gil Puyat Ave),Shared Services Team Lead,72000.0,413.79,4.4,780.0,false,3,80,1,4,3,3,17,4,2,0,false
50,Male,Single,BGC Regional Operations Hub (via EDSA/Kalayaan),Shared Services Team Lead,90000.0,517.24,4.4,780.0,false,2,80,4,4,4,3,20,4,3,1,false
38,Male,Divorced,BGC Regional Operations Hub (via EDSA/Kalayaan),Specialized Shared Services Analyst,48000.0,275.86,4.4,780.0,false,2,80,1,1,3,2,13,4,3,1,false
37,Female,Single,Makati Corporate GSS Head Office (via Gil Puyat Ave),Specialized Shared Services Analyst,55000.0,316.09,4.4,780.0,false,3,80,2,4,1,2,8,4,3,0,false
53,Male,Married,Alabang Shared Services Data Center (via SLEX Southern Line),Shared Services Team Lead,90000.0,517.24,4.4,780.0,false,4,80,4,2,3,3,11,4,3,1,false
45,Male,Single,Makati Corporate GSS Head Office (via Gil Puyat Ave),Specialized Shared Services Analyst,65000.0,373.56,4.4,780.0,false,3,80,3,2,3,3,12,4,2,0,false
24,Male,Single,Makati Corporate GSS Head Office (via Gil Puyat Ave),Specialized Shared Services Analyst,65000.0,373.56,4.4,780.0,false,2,80,3,2,2,2,4,4,3,1,false
57,Male,Divorced,Alabang Shared Services Data Center (via SLEX Southern Line),Shared Services Team Lead,90000.0,517.24,4.4,780.0,true,4,80,4,3,2,1,12,5,3,1,false
26,Male,Married,BGC Regional Operations Hub (via EDSA/Kalayaan),Specialized Shared Services Analyst,48000.0,275.86,4.4,780.0,true,3,80,1,1,3,3,5,5,3,3,false
58,Male,Divorced,Makati Corporate GSS Head Office (via Gil Puyat Ave),Specialized Shared Services Analyst,65000.0,373.56,4.4,780.0,true,1,80,3,4,4,3,12,5,3,1,false
49,Male,Single,BGC Regional Operations Hub (via EDSA/Kalayaan),Shared Services Team Lead,90000.0,517.24,4.4,780.0,false,2,80,3,2,3,3,26,5,2,0,false
43,Female,Divorced,BGC Regional Operations Hub (via EDSA/Kalayaan),Specialized Shared Services Analyst,65000.0,373.56,4.4,780.0,true,3,80,3,3,4,3,8,5,2,0,false
34,Female,Single,BGC Regional Operations Hub (via EDSA/Kalayaan),Specialized Shared Services Analyst,65000.0,373.56,4.4,780.0,false,3,80,3,2,4,3,10,5,1,4,false
44,Male,Single,Makati Corporate GSS Head Office (via Gil Puyat Ave),Specialized Shared Services Analyst,55000.0,316.09,4.4,780.0,false,3,80,2,4,4,2,10,5,2,2,false
43,Female,Married,Makati Corporate GSS Head Office (via Gil Puyat Ave),Specialized Shared Services Analyst,65000.0,373.56,4.4,780.0,false,3,80,4,4,2,2,12,5,2,2,false
33,Female,Single,Makati Corporate GSS Head Office (via Gil Puyat Ave),Specialized Shared Services Analyst,65000.0,373.56,4.4,780.0,false,2,80,4,2,1,3,6,5,0,1,false
35,Female,Single,BGC Regional Operations Hub (via EDSA/Kalayaan),Specialized Shared Services Analyst,65000.0,373.56,4.4,780.0,true,3,80,3,1,3,3,10,5,2,0,false
36,Male,Divorced,Makati Corporate GSS Head Office (via Gil Puyat Ave),Specialized Shared Services Analyst,48000.0,275.86,4.4,780.0,false,4,80,1,4,1,3,13,5,4,0,false
40,Female,Divorced,Makati Corporate GSS Head Office (via Gil Puyat Ave),Specialized Shared Services Analyst,65000.0,373.56,4.4,780.0,false,3,80,4,3,4,3,12,5,3,0,false
29,Male,Married,Makati Corporate GSS Head Office (via Gil Puyat Ave),Specialized Shared Services Analyst,48000.0,275.86,4.4,780.0,false,3,80,1,1,1,2,6,5,3,0,false
32,Female,Divorced,BGC Regional Operations Hub (via EDSA/Kalayaan),Specialized Shared Services Analyst,65000.0,373.56,4.4,780.0,false,3,80,4,3,2,3,9,5,1,1,false
25,Male,Divorced,Alabang Shared Services Data Center (via SLEX Southern Line),Specialized Shared Services Analyst,48000.0,275.86,4.4,780.0,false,4,80,1,2,4,3,6,6,3,1,false
42,Female,Married,Alabang Shared Services Data Center (via SLEX Southern Line),Specialized Shared Services Analyst,65000.0,373.56,4.4,780.0,false,2,80,4,4,4,4,7,6,5,0,false
58,Female,Divorced,Alabang Shared Services Data Center (via SLEX Southern Line),Shared Services Team Lead,75000.0,431.03,4.4,780.0,true,2,80,2,3,4,3,24,6,0,0,false
33,Female,Married,Makati Corporate GSS Head Office (via Gil Puyat Ave),Specialized Shared Services Analyst,55000.0,316.09,4.4,780.0,true,4,80,2,3,1,3,6,6,5,1,false
34,Male,Single,Makati Corporate GSS Head Office (via Gil Puyat Ave),Specialized Shared Services Analyst,65000.0,373.56,4.4,780.0,false,3,80,4,1,3,2,7,6,2,0,false
37,Female,Divorced,Alabang Shared Services Data Center (via SLEX Southern Line),Specialized Shared Services Analyst,65000.0,373.56,4.4,780.0,false,2,80,4,3,3,3,9,6,2,1,false
31,Male,Married,BGC Regional Operations Hub (via EDSA/Kalayaan),Specialized Shared Services Analyst,48000.0,275.86,4.4,780.0,true,3,80,1,3,4,2,6,6,5,0,false
29,Male,Divorced,BGC Regional Operations Hub (via EDSA/Kalayaan),Specialized Shared Services Analyst,65000.0,373.56,4.4,780.0,true,3,80,4,3,2,3,6,6,0,1,false
39,Male,Married,Alabang Shared Services Data Center (via SLEX Southern Line),Shared Services Team Lead,90000.0,517.24,4.4,780.0,false,3,80,3,3,2,3,13,6,4,0,false
29,Male,Divorced,Makati Corporate GSS Head Office (via Gil Puyat Ave),Specialized Shared Services Analyst,65000.0,373.56,4.4,780.0,false,3,80,4,1,4,4,6,6,4,1,false
36,Male,Married,Alabang Shared Services Data Center (via SLEX Southern Line),Specialized Shared Services Analyst,65000.0,373.56,4.4,780.0,false,3,80,3,3,2,2,17,7,7,7,false
51,Female,Single,Makati Corporate GSS Head Office (via Gil Puyat Ave),GSS Operations Director (Head),150000.0,862.07,4.4,780.0,false,3,80,2,4,3,3,21,7,7,1,false
49,Female,Single,Makati Corporate GSS Head Office (via Gil Puyat Ave),GSS Operations Director (Head),170000.0,862.07,4.4,780.0,true,2,80,3,3,4,3,25,7,1,0,false
27,Female,Single,BGC Regional Operations Hub (via EDSA/Kalayaan),Specialized Shared Services Analyst,48000.0,275.86,4.4,780.0,false,2,80,1,4,1,1,9,7,6,0,false
36,Female,Married,BGC Regional Operations Hub (via EDSA/Kalayaan),Shared Services Team Lead,90000.0,517.24,4.4,780.0,false,3,80,3,4,1,3,10,7,7,1,false
45,Male,Divorced,Alabang Shared Services Data Center (via SLEX Southern Line),Shared Services Team Lead,72000.0,413.79,4.4,780.0,true,1,80,1,2,2,3,24,7,7,0,false
29,Female,Married,BGC Regional Operations Hub (via EDSA/Kalayaan),Specialized Shared Services Analyst,48000.0,275.86,4.4,780.0,false,1,80,1,3,3,3,9,7,7,0,false
30,Male,Married,Alabang Shared Services Data Center (via SLEX Southern Line),Specialized Shared Services Analyst,65000.0,373.56,4.4,780.0,false,4,80,3,3,3,3,10,7,0,1,false
40,Female,Divorced,BGC Regional Operations Hub (via EDSA/Kalayaan),Specialized Shared Services Analyst,48000.0,275.86,4.4,780.0,false,3,80,1,2,2,3,15,7,4,7,false
29,Male,Divorced,Alabang Shared Services Data Center (via SLEX Southern Line),Specialized Shared Services Analyst,65000.0,373.56,4.4,780.0,false,1,80,3,4,4,3,11,7,0,1,false
39,Male,Married,BGC Regional Operations Hub (via EDSA/Kalayaan),Shared Services Team Lead,72000.0,413.79,4.4,780.0,false,2,80,1,4,1,3,9,7,7,1,false
28,Male,Single,Alabang Shared Services Data Center (via SLEX Southern Line),Specialized Shared Services Analyst,48000.0,275.86,4.4,780.0,false,4,80,1,2,3,3,9,8,3,0,false
35,Male,Married,Alabang Shared Services Data Center (via SLEX Southern Line),Shared Services Team Lead,90000.0,517.24,4.4,780.0,true,3,80,3,4,3,3,10,8,7,0,false
41,Female,Single,Makati Corporate GSS Head Office (via Gil Puyat Ave),Specialized Shared Services Analyst,65000.0,373.56,4.4,780.0,true,2,80,3,1,1,3,10,8,7,0,false
34,Female,Single,BGC Regional Operations Hub (via EDSA/Kalayaan),Shared Services Team Lead,75000.0,431.03,4.4,780.0,false,2,80,2,4,2,4,9,8,7,7,false
29,Female,Married,Alabang Shared Services Data Center (via SLEX Southern Line),Specialized Shared Services Analyst,65000.0,373.56,4.4,780.0,false,3,80,3,2,1,2,11,8,7,1,false
40,Female,Married,Makati Corporate GSS Head Office (via Gil Puyat Ave),Specialized Shared Services Analyst,55000.0,316.09,4.4,780.0,false,4,80,2,3,4,3,8,8,7,3,false
55,Male,Married,Alabang Shared Services Data Center (via SLEX Southern Line),Specialized Shared Services Analyst,55000.0,316.09,4.4,780.0,true,3,80,2,3,4,3,17,8,7,6,false
52,Male,Single,BGC Regional Operations Hub (via EDSA/Kalayaan),Shared Services Team Lead,75000.0,431.03,4.4,780.0,false,3,80,2,2,4,3,18,8,6,4,false
29,Female,Single,BGC Regional Operations Hub (via EDSA/Kalayaan),Shared Services Team Lead,90000.0,517.24,4.4,780.0,true,3,80,4,3,1,3,9,8,7,7,true
49,Male,Divorced,BGC Regional Operations Hub (via EDSA/Kalayaan),Shared Services Team Lead,75000.0,431.03,4.4,780.0,false,3,80,2,3,2,3,29,8,7,0,false
34,Male,Married,BGC Regional Operations Hub (via EDSA/Kalayaan),Specialized Shared Services Analyst,65000.0,373.56,4.4,780.0,false,2,80,3,4,2,2,8,8,2,7,false
44,Female,Married,Makati Corporate GSS Head Office (via Gil Puyat Ave),Shared Services Team Lead,90000.0,517.24,4.4,780.0,true,4,80,4,3,2,3,9,8,7,6,false
31,Male,Married,Alabang Shared Services Data Center (via SLEX Southern Line),Specialized Shared Services Analyst,65000.0,373.56,4.4,780.0,false,2,80,4,2,2,3,10,9,0,7,false
38,Female,Single,Makati Corporate GSS Head Office (via Gil Puyat Ave),Specialized Shared Services Analyst,65000.0,373.56,4.4,780.0,false,4,80,4,2,3,2,10,9,7,1,false
31,Female,Married,BGC Regional Operations Hub (via EDSA/Kalayaan),Specialized Shared Services Analyst,65000.0,373.56,4.4,780.0,true,3,80,4,4,3,1,10,9,7,8,false
34,Male,Divorced,BGC Regional Operations Hub (via EDSA/Kalayaan),Shared Services Team Lead,90000.0,517.24,4.4,780.0,false,3,80,4,4,4,2,10,9,7,1,false
46,Female,Married,Alabang Shared Services Data Center (via SLEX Southern Line),Specialized Shared Services Analyst,55000.0,316.09,4.4,780.0,false,3,80,2,4,4,4,13,9,7,3,true
33,Male,Divorced,BGC Regional Operations Hub (via EDSA/Kalayaan),Specialized Shared Services Analyst,65000.0,373.56,4.4,780.0,false,3,80,3,4,3,3,9,9,7,2,false
33,Female,Married,BGC Regional Operations Hub (via EDSA/Kalayaan),Specialized Shared Services Analyst,65000.0,373.56,4.4,780.0,true,3,80,4,2,1,3,10,9,7,8,false
46,Male,Married,Makati Corporate GSS Head Office (via Gil Puyat Ave),Shared Services Team Lead,72000.0,413.79,4.4,780.0,true,2,80,1,3,3,2,21,10,9,9,false
42,Female,Married,Makati Corporate GSS Head Office (via Gil Puyat Ave),Specialized Shared Services Analyst,65000.0,373.56,4.4,780.0,false,3,80,4,3,2,3,10,10,2,2,false
56,Male,Married,BGC Regional Operations Hub (via EDSA/Kalayaan),GSS Operations Director (Head),170000.0,862.07,4.4,780.0,false,3,80,4,3,3,2,30,10,7,1,false
35,Female,Married,Alabang Shared Services Data Center (via SLEX Southern Line),Specialized Shared Services Analyst,65000.0,373.56,4.4,780.0,true,3,80,4,4,4,1,10,10,6,0,false
28,Male,Single,Alabang Shared Services Data Center (via SLEX Southern Line),Shared Services Team Lead,72000.0,413.79,4.4,780.0,false,2,80,1,2,1,2,10,10,7,1,true
31,Female,Single,Alabang Shared Services Data Center (via SLEX Southern Line),Specialized Shared Services Analyst,48000.0,275.86,4.4,780.0,false,2,80,1,3,2,3,10,10,9,1,false
44,Female,Married,BGC Regional Operations Hub (via EDSA/Kalayaan),Shared Services Team Lead,90000.0,517.24,4.4,780.0,false,3,80,4,1,4,3,10,10,7,0,true
45,Male,Divorced,Makati Corporate GSS Head Office (via Gil Puyat Ave),Shared Services Team Lead,75000.0,431.03,4.4,780.0,false,3,80,2,1,1,3,10,10,8,7,false
46,Male,Single,BGC Regional Operations Hub (via EDSA/Kalayaan),Specialized Shared Services Analyst,55000.0,316.09,4.4,780.0,false,3,80,2,3,4,3,19,10,7,0,false
43,Male,Married,BGC Regional Operations Hub (via EDSA/Kalayaan),Shared Services Team Lead,90000.0,517.24,4.4,780.0,false,3,80,3,1,2,3,10,10,9,0,false
35,Male,Married,Alabang Shared Services Data Center (via SLEX Southern Line),Specialized Shared Services Analyst,65000.0,373.56,4.4,780.0,true,3,80,3,3,4,4,10,10,2,0,false
30,Male,Married,Makati Corporate GSS Head Office (via Gil Puyat Ave),Specialized Shared Services Analyst,65000.0,373.56,4.4,780.0,false,2,80,4,3,1,3,11,11,10,10,false
40,Male,Married,Alabang Shared Services Data Center (via SLEX Southern Line),Shared Services Team Lead,90000.0,517.24,4.4,780.0,false,3,80,4,1,4,3,14,11,10,11,false
35,Female,Single,Alabang Shared Services Data Center (via SLEX Southern Line),Shared Services Team Lead,75000.0,431.03,4.4,780.0,false,2,80,2,4,4,1,11,11,8,3,false
40,Female,Divorced,Makati Corporate GSS Head Office (via Gil Puyat Ave),Specialized Shared Services Analyst,65000.0,373.56,4.4,780.0,false,4,80,3,2,2,3,15,12,11,11,false
36,Male,Married,BGC Regional Operations Hub (via EDSA/Kalayaan),Shared Services Team Lead,72000.0,413.79,4.4,780.0,true,3,80,1,4,4,3,15,12,8,5,false
51,Female,Single,Makati Corporate GSS Head Office (via Gil Puyat Ave),Shared Services Team Lead,72000.0,413.79,4.4,780.0,false,2,80,1,1,3,2,23,13,12,12,false
33,Male,Divorced,BGC Regional Operations Hub (via EDSA/Kalayaan),Specialized Shared Services Analyst,65000.0,373.56,4.4,780.0,false,3,80,4,3,3,1,15,13,11,4,false
34,Male,Single,Makati Corporate GSS Head Office (via Gil Puyat Ave),Specialized Shared Services Analyst,48000.0,275.86,4.4,780.0,false,2,80,1,4,3,3,14,13,9,4,false
56,Male,Divorced,Makati Corporate GSS Head Office (via Gil Puyat Ave),Specialized Shared Services Analyst,65000.0,373.56,4.4,780.0,false,3,80,3,3,1,2,13,13,12,1,false
34,Female,Single,Makati Corporate GSS Head Office (via Gil Puyat Ave),Specialized Shared Services Analyst,65000.0,373.56,4.4,780.0,false,3,80,4,3,4,4,14,14,11,4,false
35,Female,Married,BGC Regional Operations Hub (via EDSA/Kalayaan),Specialized Shared Services Analyst,65000.0,373.56,4.4,780.0,false,3,80,3,3,4,3,15,14,11,2,false
48,Male,Single,Makati Corporate GSS Head Office (via Gil Puyat Ave),Shared Services Team Lead,90000.0,517.24,4.4,780.0,false,2,80,3,3,2,3,27,15,11,4,false
49,Female,Married,BGC Regional Operations Hub (via EDSA/Kalayaan),GSS Operations Director (Head),170000.0,862.07,4.4,780.0,true,2,80,3,3,2,3,30,15,11,2,false
36,Male,Married,BGC Regional Operations Hub (via EDSA/Kalayaan),Specialized Shared Services Analyst,65000.0,373.56,4.4,780.0,true,3,80,4,3,1,2,17,16,8,4,false
35,Female,Divorced,Alabang Shared Services Data Center (via SLEX Southern Line),Shared Services Team Lead,90000.0,517.24,4.4,780.0,true,3,80,3,3,3,2,16,16,10,10,false
36,Female,Divorced,BGC Regional Operations Hub (via EDSA/Kalayaan),Shared Services Team Lead,90000.0,517.24,4.4,780.0,false,3,80,3,3,2,3,17,17,14,12,false
47,Male,Single,Alabang Shared Services Data Center (via SLEX Southern Line),Shared Services Team Lead,90000.0,517.24,4.4,780.0,false,3,80,3,1,2,3,25,17,14,12,false
39,Male,Divorced,Makati Corporate GSS Head Office (via Gil Puyat Ave),Shared Services Team Lead,90000.0,517.24,4.4,780.0,false,4,80,4,3,1,2,19,18,10,3,false
39,Male,Divorced,Makati Corporate GSS Head Office (via Gil Puyat Ave),GSS Operations Director (Head),170000.0,862.07,4.4,780.0,false,3,80,4,1,4,3,21,18,7,11,true
39,Female,Single,Makati Corporate GSS Head Office (via Gil Puyat Ave),Shared Services Team Lead,90000.0,517.24,4.4,780.0,false,3,80,3,3,4,3,20,19,6,11,false
38,Female,Married,Alabang Shared Services Data Center (via SLEX Southern Line),Shared Services Team Lead,90000.0,517.24,4.4,780.0,false,2,80,3,3,1,2,20,19,9,1,false
45,Male,Married,Alabang Shared Services Data Center (via SLEX Southern Line),GSS Operations Director (Head),170000.0,862.07,4.4,780.0,true,3,80,4,3,2,3,21,20,7,4,false
39,Female,Single,Makati Corporate GSS Head Office (via Gil Puyat Ave),Specialized Shared Services Analyst,65000.0,373.56,4.4,780.0,false,2,80,3,4,1,3,20,20,7,11,false
42,Male,Married,Makati Corporate GSS Head Office (via Gil Puyat Ave),Shared Services Team Lead,90000.0,517.24,4.4,780.0,true,3,80,4,4,3,1,24,20,8,13,false
44,Female,Married,BGC Regional Operations Hub (via EDSA/Kalayaan),Shared Services Team Lead,90000.0,517.24,4.4,780.0,false,2,80,4,1,4,3,24,22,6,5,false
40,Male,Married,Makati Corporate GSS Head Office (via Gil Puyat Ave),GSS Operations Director (Head),150000.0,862.07,4.4,780.0,false,2,80,2,3,4,2,22,22,3,11,false
45,Male,Married,Makati Corporate GSS Head Office (via Gil Puyat Ave),Shared Services Team Lead,90000.0,517.24,4.4,780.0,false,2,80,3,3,4,2,25,23,15,14,false
50,Male,Married,Alabang Shared Services Data Center (via SLEX Southern Line),GSS Operations Director (Head),170000.0,862.07,4.4,780.0,true,3,80,3,2,3,3,32,30,8,12,false
55,Male,Divorced,BGC Regional Operations Hub (via EDSA/Kalayaan),GSS Operations Director (Head),150000.0,862.07,4.4,780.0,true,2,80,2,4,4,3,34,33,9,15,false
58,Female,Married,Alabang Shared Services Data Center (via SLEX Southern Line),Shared Services Team Lead,90000.0,517.24,4.4,780.0,false,3,80,4,4,4,2,40,40,10,15,true
19,Male,Single,Makati Corporate GSS Head Office (via Gil Puyat Ave),Contracts & Benefits Officer (HR Admin I),40000.0,229.89,4.4,780.0,false,2,80,4,1,3,4,1,1,0,0,true
24,Male,Married,Alabang Shared Services Data Center (via SLEX Southern Line),Contracts & Benefits Officer (HR Admin I),40000.0,229.89,4.4,780.0,false,1,80,3,4,3,3,1,1,0,0,true
31,Male,Married,Alabang Shared Services Data Center (via SLEX Southern Line),Contracts & Benefits Officer (HR Admin I),32000.0,183.91,4.4,780.0,false,4,80,1,4,3,3,2,1,0,0,true
29,Male,Married,BGC Regional Operations Hub (via EDSA/Kalayaan),Contracts & Benefits Officer (HR Admin I),35000.0,201.15,4.4,780.0,false,2,80,2,4,4,3,1,1,0,0,false
27,Female,Married,Alabang Shared Services Data Center (via SLEX Southern Line),Contracts & Benefits Officer (HR Admin I),35000.0,201.15,4.4,780.0,false,2,80,2,1,1,3,1,1,0,0,true
59,Male,Married,BGC Regional Operations Hub (via EDSA/Kalayaan),Contracts & Benefits Officer (HR Admin I),40000.0,229.89,4.4,780.0,false,3,80,3,2,4,2,7,2,2,2,false
31,Male,Married,Makati Corporate GSS Head Office (via Gil Puyat Ave),Specialized Shared Services Analyst,48000.0,275.86,4.4,780.0,false,2,80,1,1,4,3,9,2,2,1,false
44,Female,Single,Makati Corporate GSS Head Office (via Gil Puyat Ave),Specialized Shared Services Analyst,65000.0,373.56,4.4,780.0,false,2,80,3,1,2,4,10,2,2,0,false
34,Female,Married,BGC Regional Operations Hub (via EDSA/Kalayaan),Contracts & Benefits Officer (HR Admin I),40000.0,229.89,4.4,780.0,false,3,80,3,1,4,3,2,2,2,2,true
44,Female,Divorced,Makati Corporate GSS Head Office (via Gil Puyat Ave),Contracts & Benefits Officer (HR Admin I),40000.0,229.89,4.4,780.0,true,3,80,4,3,1,3,8,2,2,2,false
24,Male,Married,BGC Regional Operations Hub (via EDSA/Kalayaan),Contracts & Benefits Officer (HR Admin I),40000.0,229.89,4.4,780.0,false,3,80,4,1,4,3,3,2,2,2,false
29,Male,Divorced,BGC Regional Operations Hub (via EDSA/Kalayaan),Contracts & Benefits Officer (HR Admin I),32000.0,183.91,4.4,780.0,true,2,80,1,1,4,3,4,2,2,2,true
25,Female,Married,Makati Corporate GSS Head Office (via Gil Puyat Ave),Contracts & Benefits Officer (HR Admin I),35000.0,201.15,4.4,780.0,false,3,80,2,3,3,3,6,2,0,1,false
37,Male,Divorced,BGC Regional Operations Hub (via EDSA/Kalayaan),Global Mobility Officer (HR Admin I),32000.0,183.91,4.4,780.0,true,3,80,1,3,4,3,7,3,2,0,true
42,Male,Divorced,Makati Corporate GSS Head Office (via Gil Puyat Ave),Contracts & Benefits Officer (HR Admin I),40000.0,229.89,4.4,780.0,true,3,80,3,3,3,3,4,3,2,1,false
34,Female,Divorced,Alabang Shared Services Data Center (via SLEX Southern Line),Shared Services Team Lead,72000.0,413.79,4.4,780.0,true,3,80,1,2,3,3,11,3,2,0,true
34,Male,Married,Makati Corporate GSS Head Office (via Gil Puyat Ave),Contracts & Benefits Officer (HR Admin I),40000.0,229.89,4.4,780.0,false,3,80,4,3,3,1,4,3,2,0,false
31,Female,Single,BGC Regional Operations Hub (via EDSA/Kalayaan),Contracts & Benefits Officer (HR Admin I),35000.0,201.15,4.4,780.0,false,4,80,2,4,4,3,8,3,2,0,false
41,Male,Married,Makati Corporate GSS Head Office (via Gil Puyat Ave),Specialized Shared Services Analyst,55000.0,316.09,4.4,780.0,false,1,80,2,3,2,3,10,3,2,1,false
28,Male,Divorced,Makati Corporate GSS Head Office (via Gil Puyat Ave),Contracts & Benefits Officer (HR Admin I),40000.0,229.89,4.4,780.0,false,3,80,4,3,2,3,3,3,2,2,false
46,Male,Divorced,Alabang Shared Services Data Center (via SLEX Southern Line),Specialized Shared Services Analyst,55000.0,316.09,4.4,780.0,true,3,80,2,2,4,3,16,4,2,0,false
33,Male,Divorced,Makati Corporate GSS Head Office (via Gil Puyat Ave),Contracts & Benefits Officer (HR Admin I),35000.0,201.15,4.4,780.0,true,3,80,2,4,3,4,7,4,3,0,false
42,Male,Married,Makati Corporate GSS Head Office (via Gil Puyat Ave),Specialized Shared Services Analyst,48000.0,275.86,4.4,780.0,false,4,80,1,4,1,4,10,4,3,0,false
30,Female,Divorced,BGC Regional Operations Hub (via EDSA/Kalayaan),Contracts & Benefits Officer (HR Admin I),40000.0,229.89,4.4,780.0,false,2,80,4,3,3,2,6,4,2,1,true
36,Male,Married,BGC Regional Operations Hub (via EDSA/Kalayaan),Contracts & Benefits Officer (HR Admin I),35000.0,201.15,4.4,780.0,false,3,80,2,3,2,3,8,5,2,0,false
28,Male,Divorced,BGC Regional Operations Hub (via EDSA/Kalayaan),Contracts & Benefits Officer (HR Admin I),40000.0,229.89,4.4,780.0,false,2,80,4,2,4,3,6,5,1,0,false
36,Male,Married,BGC Regional Operations Hub (via EDSA/Kalayaan),Global Mobility Officer (HR Admin I),32000.0,183.91,4.4,780.0,false,2,80,1,1,3,3,6,5,4,0,false
39,Female,Married,Makati Corporate GSS Head Office (via Gil Puyat Ave),Specialized Shared Services Analyst,65000.0,373.56,4.4,780.0,false,2,80,4,4,3,3,13,5,4,0,false
35,Male,Single,BGC Regional Operations Hub (via EDSA/Kalayaan),Contracts & Benefits Officer (HR Admin I),40000.0,229.89,4.4,780.0,false,3,80,3,3,2,1,6,5,4,1,false
33,Male,Married,Makati Corporate GSS Head Office (via Gil Puyat Ave),Contracts & Benefits Officer (HR Admin I),40000.0,229.89,4.4,780.0,false,3,80,3,2,4,3,5,5,4,1,false
30,Male,Divorced,Makati Corporate GSS Head Office (via Gil Puyat Ave),Global Mobility Officer (HR Admin I),40000.0,229.89,4.4,780.0,false,3,80,3,3,1,4,6,5,3,1,false
45,Female,Married,Makati Corporate GSS Head Office (via Gil Puyat Ave),Shared Services Team Lead,90000.0,517.24,4.4,780.0,false,1,80,3,3,3,4,9,5,0,0,false
26,Female,Married,Alabang Shared Services Data Center (via SLEX Southern Line),Contracts & Benefits Officer (HR Admin I),35000.0,201.15,4.4,780.0,true,3,80,2,4,3,3,6,5,1,1,true
45,Male,Single,Alabang Shared Services Data Center (via SLEX Southern Line),Contracts & Benefits Officer (HR Admin I),35000.0,201.15,4.4,780.0,false,3,80,2,2,1,3,6,6,3,0,false
38,Male,Married,BGC Regional Operations Hub (via EDSA/Kalayaan),Specialized Shared Services Analyst,65000.0,373.56,4.4,780.0,false,3,80,3,3,3,3,10,6,3,1,false
38,Male,Married,Makati Corporate GSS Head Office (via Gil Puyat Ave),Contracts & Benefits Officer (HR Admin I),35000.0,201.15,4.4,780.0,true,3,80,2,4,2,3,7,6,2,1,false
26,Female,Divorced,Alabang Shared Services Data Center (via SLEX Southern Line),Contracts & Benefits Officer (HR Admin I),40000.0,229.89,4.4,780.0,true,3,80,3,2,2,2,8,7,7,1,true
38,Male,Married,Makati Corporate GSS Head Office (via Gil Puyat Ave),Contracts & Benefits Officer (HR Admin I),40000.0,229.89,4.4,780.0,false,4,80,3,3,4,4,7,7,6,5,false
46,Female,Single,Makati Corporate GSS Head Office (via Gil Puyat Ave),Contracts & Benefits Officer (HR Admin I),32000.0,183.91,4.4,780.0,false,3,80,1,4,3,4,10,7,6,5,false
26,Female,Married,Alabang Shared Services Data Center (via SLEX Southern Line),Global Mobility Officer (HR Admin I),40000.0,229.89,4.4,780.0,false,3,80,3,3,4,3,8,8,7,5,false
39,Female,Married,Makati Corporate GSS Head Office (via Gil Puyat Ave),Specialized Shared Services Analyst,55000.0,316.09,4.4,780.0,false,4,80,2,3,3,1,12,8,3,3,false
54,Male,Married,Alabang Shared Services Data Center (via SLEX Southern Line),Shared Services Team Lead,75000.0,431.03,4.4,780.0,false,3,80,2,3,3,4,16,9,7,7,false
43,Male,Single,Makati Corporate GSS Head Office (via Gil Puyat Ave),Contracts & Benefits Officer (HR Admin I),40000.0,229.89,4.4,780.0,false,3,80,4,2,2,3,10,9,7,1,false
35,Female,Single,Alabang Shared Services Data Center (via SLEX Southern Line),Shared Services Team Lead,90000.0,517.24,4.4,780.0,true,3,80,4,3,3,3,9,9,0,1,false
34,Male,Married,BGC Regional Operations Hub (via EDSA/Kalayaan),Specialized Shared Services Analyst,55000.0,316.09,4.4,780.0,false,2,80,2,3,4,4,14,10,9,1,false
29,Male,Single,Alabang Shared Services Data Center (via SLEX Southern Line),Shared Services Team Lead,72000.0,413.79,4.4,780.0,false,2,80,1,2,1,2,10,10,9,0,false
44,Male,Married,Makati Corporate GSS Head Office (via Gil Puyat Ave),Specialized Shared Services Analyst,65000.0,373.56,4.4,780.0,true,3,80,4,1,3,3,14,10,7,0,false
37,Male,Divorced,BGC Regional Operations Hub (via EDSA/Kalayaan),Specialized Shared Services Analyst,55000.0,316.09,4.4,780.0,false,3,80,2,3,3,2,19,10,0,4,false
36,Male,Single,Makati Corporate GSS Head Office (via Gil Puyat Ave),Specialized Shared Services Analyst,65000.0,373.56,4.4,780.0,false,2,80,4,2,4,2,10,10,1,0,false
30,Male,Married,BGC Regional Operations Hub (via EDSA/Kalayaan),Specialized Shared Services Analyst,65000.0,373.56,4.4,780.0,true,3,80,4,3,4,1,12,11,9,4,false
38,Male,Divorced,Makati Corporate GSS Head Office (via Gil Puyat Ave),Contracts & Benefits Officer (HR Admin I),35000.0,201.15,4.4,780.0,false,3,80,2,1,4,3,13,11,10,3,false
44,Male,Married,Makati Corporate GSS Head Office (via Gil Puyat Ave),Shared Services Team Lead,72000.0,413.79,4.4,780.0,false,2,80,1,2,4,3,24,20,6,3,true
37,Male,Single,Makati Corporate GSS Head Office (via Gil Puyat Ave),Contracts & Benefits Officer (HR Admin I),40000.0,229.89,4.4,780.0,true,2,80,3,4,2,3,7,0,0,0,true
22,Female,Single,BGC Regional Operations Hub (via EDSA/Kalayaan),Contracts & Benefits Officer (HR Admin I),40000.0,229.89,4.4,780.0,false,3,80,4,2,3,3,1,0,0,0,false
28,Male,Single,Makati Corporate GSS Head Office (via Gil Puyat Ave),Contracts & Benefits Officer (HR Admin I),40000.0,229.89,4.4,780.0,false,3,80,3,1,3,1,5,0,0,0,true
18,Male,Single,Makati Corporate GSS Head Office (via Gil Puyat Ave),Contracts & Benefits Officer (HR Admin I),40000.0,229.89,4.4,780.0,false,3,80,3,3,3,3,0,0,0,0,true
23,Male,Married,BGC Regional Operations Hub (via EDSA/Kalayaan),Global Mobility Officer (HR Admin I),32000.0,183.91,4.4,780.0,true,4,80,1,3,3,3,1,0,0,0,true
18,Male,Single,BGC Regional Operations Hub (via EDSA/Kalayaan),Contracts & Benefits Officer (HR Admin I),40000.0,229.89,4.4,780.0,false,3,80,3,3,4,3,0,0,0,0,true
18,Female,Single,Makati Corporate GSS Head Office (via Gil Puyat Ave),Contracts & Benefits Officer (HR Admin I),40000.0,229.89,4.4,780.0,false,3,80,4,4,3,4,0,0,0,0,false
24,Male,Single,BGC Regional Operations Hub (via EDSA/Kalayaan),Contracts & Benefits Officer (HR Admin I),32000.0,183.91,4.4,780.0,true,3,80,1,2,3,2,4,0,0,0,true
28,Male,Single,Makati Corporate GSS Head Office (via Gil Puyat Ave),Contracts & Benefits Officer (HR Admin I),32000.0,183.91,4.4,780.0,false,2,80,1,3,3,2,8,0,0,0,true
38,Female,Married,Makati Corporate GSS Head Office (via Gil Puyat Ave),Contracts & Benefits Officer (HR Admin I),40000.0,229.89,4.4,780.0,false,3,80,3,4,4,2,7,0,0,0,false
42,Male,Single,BGC Regional Operations Hub (via EDSA/Kalayaan),Contracts & Benefits Officer (HR Admin I),40000.0,229.89,4.4,780.0,false,3,80,3,4,4,3,8,0,0,0,false
59,Female,Married,Makati Corporate GSS Head Office (via Gil Puyat Ave),Global Mobility Officer (HR Admin I),32000.0,183.91,4.4,780.0,true,4,80,1,3,1,2,12,1,0,0,false
30,Male,Divorced,Alabang Shared Services Data Center (via SLEX Southern Line),Global Mobility Officer (HR Admin I),40000.0,229.89,4.4,780.0,false,3,80,3,4,2,3,1,1,0,0,false
22,Male,Divorced,Alabang Shared Services Data Center (via SLEX Southern Line),Contracts & Benefits Officer (HR Admin I),40000.0,229.89,4.4,780.0,true,4,80,4,4,2,2,1,1,0,0,false
33,Male,Single,Makati Corporate GSS Head Office (via Gil Puyat Ave),Contracts & Benefits Officer (HR Admin I),40000.0,229.89,4.4,780.0,false,3,80,4,3,4,3,7,1,1,0,false
35,Male,Divorced,Makati Corporate GSS Head Office (via Gil Puyat Ave),Contracts & Benefits Officer (HR Admin I),40000.0,229.89,4.4,780.0,false,3,80,4,3,3,3,1,1,0,0,false
27,Female,Divorced,Makati Corporate GSS Head Office (via Gil Puyat Ave),Contracts & Benefits Officer (HR Admin I),32000.0,183.91,4.4,780.0,false,3,80,1,4,4,3,1,1,0,0,false
26,Male,Single,Alabang Shared Services Data Center (via SLEX Southern Line),Contracts & Benefits Officer (HR Admin I),40000.0,229.89,4.4,780.0,false,1,80,3,1,3,2,1,1,0,0,true
35,Male,Married,BGC Regional Operations Hub (via EDSA/Kalayaan),Contracts & Benefits Officer (HR Admin I),40000.0,229.89,4.4,780.0,false,4,80,4,4,4,3,1,1,0,0,false
48,Male,Single,Makati Corporate GSS Head Office (via Gil Puyat Ave),Shared Services Team Lead,90000.0,517.24,4.4,780.0,true,2,80,3,1,4,3,23,1,0,0,true
36,Female,Married,BGC Regional Operations Hub (via EDSA/Kalayaan),Contracts & Benefits Officer (HR Admin I),40000.0,229.89,4.4,780.0,false,4,80,4,2,2,3,5,1,0,0,false
20,Female,Single,BGC Regional Operations Hub (via EDSA/Kalayaan),Contracts & Benefits Officer (HR Admin I),40000.0,229.89,4.4,780.0,true,2,80,4,4,2,3,1,1,0,1,true
36,Female,Divorced,Makati Corporate GSS Head Office (via Gil Puyat Ave),Global Mobility Officer (HR Admin I),40000.0,229.89,4.4,780.0,false,3,80,4,1,1,3,7,1,0,0,false
19,Female,Single,Makati Corporate GSS Head Office (via Gil Puyat Ave),Contracts & Benefits Officer (HR Admin I),35000.0,201.15,4.4,780.0,false,3,80,2,2,4,3,1,1,0,0,false
19,Male,Single,Makati Corporate GSS Head Office (via Gil Puyat Ave),Global Mobility Officer (HR Admin I),40000.0,229.89,4.4,780.0,false,2,80,4,2,3,2,1,1,0,1,true
44,Male,Divorced,Alabang Shared Services Data Center (via SLEX Southern Line),Global Mobility Officer (HR Admin I),40000.0,229.89,4.4,780.0,true,3,80,3,4,4,1,19,1,0,0,true
36,Male,Married,Alabang Shared Services Data Center (via SLEX Southern Line),Contracts & Benefits Officer (HR Admin I),40000.0,229.89,4.4,780.0,false,4,80,4,3,4,3,4,1,0,0,false
40,Female,Married,Makati Corporate GSS Head Office (via Gil Puyat Ave),Specialized Shared Services Analyst,65000.0,373.56,4.4,780.0,false,2,80,3,2,2,3,20,1,0,0,false
38,Male,Married,Makati Corporate GSS Head Office (via Gil Puyat Ave),Global Mobility Officer (HR Admin I),40000.0,229.89,4.4,780.0,true,3,80,4,4,3,3,1,1,0,0,false
54,Female,Single,BGC Regional Operations Hub (via EDSA/Kalayaan),Specialized Shared Services Analyst,65000.0,373.56,4.4,780.0,false,3,80,3,3,3,3,19,1,0,0,false
26,Male,Single,Alabang Shared Services Data Center (via SLEX Southern Line),Contracts & Benefits Officer (HR Admin I),40000.0,229.89,4.4,780.0,true,1,80,4,3,2,1,1,1,0,0,true
24,Male,Married,Alabang Shared Services Data Center (via SLEX Southern Line),Global Mobility Officer (HR Admin I),35000.0,201.15,4.4,780.0,false,2,80,2,4,4,3,1,1,0,0,false
35,Male,Married,Makati Corporate GSS Head Office (via Gil Puyat Ave),Contracts & Benefits Officer (HR Admin I),40000.0,229.89,4.4,780.0,false,2,80,3,3,3,3,1,1,0,0,false
24,Male,Divorced,BGC Regional Operations Hub (via EDSA/Kalayaan),Contracts & Benefits Officer (HR Admin I),35000.0,201.15,4.4,780.0,false,2,80,2,3,3,3,1,1,0,0,false
29,Female,Married,Makati Corporate GSS Head Office (via Gil Puyat Ave),Contracts & Benefits Officer (HR Admin I),32000.0,183.91,4.4,780.0,true,2,80,1,2,4,3,1,1,0,0,true
40,Male,Single,Alabang Shared Services Data Center (via SLEX Southern Line),Specialized Shared Services Analyst,65000.0,373.56,4.4,780.0,false,2,80,3,1,4,3,10,1,0,0,false
32,Male,Single,Alabang Shared Services Data Center (via SLEX Southern Line),Global Mobility Officer (HR Admin I),40000.0,229.89,4.4,780.0,true,3,80,4,1,3,1,1,1,0,0,true
58,Male,Divorced,Makati Corporate GSS Head Office (via Gil Puyat Ave),Contracts & Benefits Officer (HR Admin I),40000.0,229.89,4.4,780.0,true,2,80,4,4,4,2,3,1,0,0,true
34,Male,Divorced,BGC Regional Operations Hub (via EDSA/Kalayaan),Contracts & Benefits Officer (HR Admin I),35000.0,201.15,4.4,780.0,false,3,80,2,2,2,3,1,1,0,1,false
20,Male,Single,Makati Corporate GSS Head Office (via Gil Puyat Ave),Contracts & Benefits Officer (HR Admin I),32000.0,183.91,4.4,780.0,false,3,80,1,1,2,3,1,1,0,0,true
50,Male,Married,BGC Regional Operations Hub (via EDSA/Kalayaan),Contracts & Benefits Officer (HR Admin I),40000.0,229.89,4.4,780.0,false,3,80,4,1,2,3,8,1,0,0,false
36,Male,Divorced,BGC Regional Operations Hub (via EDSA/Kalayaan),Specialized Shared Services Analyst,65000.0,373.56,4.4,780.0,false,3,80,3,1,2,2,9,1,0,0,true
21,Female,Single,BGC Regional Operations Hub (via EDSA/Kalayaan),Contracts & Benefits Officer (HR Admin I),32000.0,183.91,4.4,780.0,false,2,80,1,3,1,2,1,1,0,1,true
26,Male,Divorced,Alabang Shared Services Data Center (via SLEX Southern Line),Global Mobility Officer (HR Admin I),40000.0,229.89,4.4,780.0,false,3,80,3,1,3,2,1,1,1,0,true
28,Male,Divorced,Makati Corporate GSS Head Office (via Gil Puyat Ave),Contracts & Benefits Officer (HR Admin I),35000.0,201.15,4.4,780.0,false,2,80,2,1,1,3,1,1,0,0,true
42,Male,Single,Alabang Shared Services Data Center (via SLEX Southern Line),Specialized Shared Services Analyst,65000.0,373.56,4.4,780.0,false,1,80,4,2,1,3,16,1,0,0,false
41,Male,Married,BGC Regional Operations Hub (via EDSA/Kalayaan),Contracts & Benefits Officer (HR Admin I),40000.0,229.89,4.4,780.0,true,3,80,4,2,1,3,6,1,0,0,false
28,Female,Married,BGC Regional Operations Hub (via EDSA/Kalayaan),Contracts & Benefits Officer (HR Admin I),40000.0,229.89,4.4,780.0,true,3,80,4,3,4,2,1,1,1,0,true
24,Female,Married,Alabang Shared Services Data Center (via SLEX Southern Line),Contracts & Benefits Officer (HR Admin I),35000.0,201.15,4.4,780.0,false,3,80,2,4,1,1,1,1,0,0,true
48,Male,Single,Makati Corporate GSS Head Office (via Gil Puyat Ave),Contracts & Benefits Officer (HR Admin I),35000.0,201.15,4.4,780.0,false,4,80,2,4,3,2,7,1,0,0,false
39,Female,Single,Makati Corporate GSS Head Office (via Gil Puyat Ave),Global Mobility Officer (HR Admin I),32000.0,183.91,4.4,780.0,true,2,80,1,1,2,4,11,1,0,0,true
42,Male,Married,Makati Corporate GSS Head Office (via Gil Puyat Ave),Contracts & Benefits Officer (HR Admin I),35000.0,201.15,4.4,780.0,false,2,80,2,3,2,3,4,1,0,0,false
24,Male,Divorced,Alabang Shared Services Data Center (via SLEX Southern Line),Contracts & Benefits Officer (HR Admin I),32000.0,183.91,4.4,780.0,false,2,80,1,3,2,3,2,1,1,0,false
35,Female,Divorced,Makati Corporate GSS Head Office (via Gil Puyat Ave),Contracts & Benefits Officer (HR Admin I),32000.0,183.91,4.4,780.0,true,3,80,1,1,4,3,1,1,0,0,true
35,Male,Married,BGC Regional Operations Hub (via EDSA/Kalayaan),Contracts & Benefits Officer (HR Admin I),40000.0,229.89,4.4,780.0,false,2,80,4,3,4,2,1,1,0,0,false
28,Male,Married,Alabang Shared Services Data Center (via SLEX Southern Line),Contracts & Benefits Officer (HR Admin I),35000.0,201.15,4.4,780.0,true,3,80,2,3,3,3,1,1,1,0,true
32,Male,Single,Makati Corporate GSS Head Office (via Gil Puyat Ave),Contracts & Benefits Officer (HR Admin I),35000.0,201.15,4.4,780.0,false,3,80,2,4,1,3,1,1,0,0,true
22,Female,Married,BGC Regional Operations Hub (via EDSA/Kalayaan),Contracts & Benefits Officer (HR Admin I),32000.0,183.91,4.4,780.0,true,3,80,1,3,3,3,1,1,0,0,true
31,Female,Divorced,Makati Corporate GSS Head Office (via Gil Puyat Ave),Contracts & Benefits Officer (HR Admin I),40000.0,229.89,4.4,780.0,true,1,80,4,4,3,3,1,1,0,0,false
33,Male,Divorced,Makati Corporate GSS Head Office (via Gil Puyat Ave),Contracts & Benefits Officer (HR Admin I),40000.0,229.89,4.4,780.0,false,2,80,3,2,3,2,1,1,1,0,false
40,Male,Married,Makati Corporate GSS Head Office (via Gil Puyat Ave),Contracts & Benefits Officer (HR Admin I),40000.0,229.89,4.4,780.0,false,3,80,4,1,3,2,8,1,0,0,false
27,Male,Married,Makati Corporate GSS Head Office (via Gil Puyat Ave),Contracts & Benefits Officer (HR Admin I),35000.0,201.15,4.4,780.0,false,3,80,2,1,4,3,6,2,2,2,false
34,Male,Divorced,Alabang Shared Services Data Center (via SLEX Southern Line),Contracts & Benefits Officer (HR Admin I),40000.0,229.89,4.4,780.0,false,3,80,4,2,3,3,3,2,2,1,false
28,Male,Single,Alabang Shared Services Data Center (via SLEX Southern Line),Contracts & Benefits Officer (HR Admin I),40000.0,229.89,4.4,780.0,true,3,80,3,3,3,2,2,2,2,2,true
35,Female,Married,Alabang Shared Services Data Center (via SLEX Southern Line),Contracts & Benefits Officer (HR Admin I),32000.0,183.91,4.4,780.0,true,3,80,1,3,3,3,4,2,2,2,false
22,Male,Married,Makati Corporate GSS Head Office (via Gil Puyat Ave),Contracts & Benefits Officer (HR Admin I),40000.0,229.89,4.4,780.0,false,3,80,4,3,3,3,3,2,1,2,false
38,Female,Single,BGC Regional Operations Hub (via EDSA/Kalayaan),Contracts & Benefits Officer (HR Admin I),40000.0,229.89,4.4,780.0,false,3,80,4,3,3,3,2,2,2,2,false
52,Female,Single,Makati Corporate GSS Head Office (via Gil Puyat Ave),Contracts & Benefits Officer (HR Admin I),40000.0,229.89,4.4,780.0,false,2,80,4,3,2,2,6,2,2,2,false
25,Male,Married,Makati Corporate GSS Head Office (via Gil Puyat Ave),Contracts & Benefits Officer (HR Admin I),32000.0,183.91,4.4,780.0,false,3,80,1,1,3,3,6,2,2,0,true
42,Male,Married,Alabang Shared Services Data Center (via SLEX Southern Line),Contracts & Benefits Officer (HR Admin I),40000.0,229.89,4.4,780.0,false,3,80,3,2,4,3,8,2,2,2,false
22,Male,Single,Makati Corporate GSS Head Office (via Gil Puyat Ave),Contracts & Benefits Officer (HR Admin I),40000.0,229.89,4.4,780.0,false,2,80,3,3,3,3,4,2,2,1,true
53,Male,Single,BGC Regional Operations Hub (via EDSA/Kalayaan),Specialized Shared Services Analyst,65000.0,373.56,4.4,780.0,false,3,80,4,4,4,3,19,2,2,2,false
26,Female,Divorced,Makati Corporate GSS Head Office (via Gil Puyat Ave),Contracts & Benefits Officer (HR Admin I),40000.0,229.89,4.4,780.0,false,1,80,4,1,1,3,5,2,2,2,false
30,Male,Married,Makati Corporate GSS Head Office (via Gil Puyat Ave),Global Mobility Officer (HR Admin I),40000.0,229.89,4.4,780.0,false,1,80,3,4,3,3,7,2,2,0,false
39,Male,Married,BGC Regional Operations Hub (via EDSA/Kalayaan),Global Mobility Officer (HR Admin I),32000.0,183.91,4.4,780.0,true,3,80,1,4,4,1,8,2,2,2,true
27,Female,Married,Alabang Shared Services Data Center (via SLEX Southern Line),Contracts & Benefits Officer (HR Admin I),35000.0,201.15,4.4,780.0,false,3,80,2,3,2,3,4,2,2,2,false
31,Male,Married,BGC Regional Operations Hub (via EDSA/Kalayaan),Contracts & Benefits Officer (HR Admin I),40000.0,229.89,4.4,780.0,false,3,80,3,3,3,2,2,2,2,2,true
35,Male,Married,Makati Corporate GSS Head Office (via Gil Puyat Ave),Contracts & Benefits Officer (HR Admin I),40000.0,229.89,4.4,780.0,false,2,80,4,4,2,4,2,2,2,2,false
20,Male,Single,Makati Corporate GSS Head Office (via Gil Puyat Ave),Contracts & Benefits Officer (HR Admin I),40000.0,229.89,4.4,780.0,false,2,80,3,1,1,2,2,2,2,1,false
32,Female,Married,BGC Regional Operations Hub (via EDSA/Kalayaan),Global Mobility Officer (HR Admin I),35000.0,201.15,4.4,780.0,false,2,80,2,3,3,3,2,2,2,2,false
21,Female,Single,BGC Regional Operations Hub (via EDSA/Kalayaan),Global Mobility Officer (HR Admin I),40000.0,229.89,4.4,780.0,false,2,80,3,1,3,1,2,2,2,2,true
28,Male,Married,Makati Corporate GSS Head Office (via Gil Puyat Ave),Contracts & Benefits Officer (HR Admin I),40000.0,229.89,4.4,780.0,true,2,80,4,4,2,3,2,2,2,2,false
31,Male,Married,Makati Corporate GSS Head Office (via Gil Puyat Ave),Contracts & Benefits Officer (HR Admin I),40000.0,229.89,4.4,780.0,true,3,80,4,2,3,1,7,2,2,2,true
49,Female,Divorced,Alabang Shared Services Data Center (via SLEX Southern Line),Contracts & Benefits Officer (HR Admin I),32000.0,183.91,4.4,780.0,true,3,80,1,4,2,2,17,2,2,2,false
47,Female,Single,BGC Regional Operations Hub (via EDSA/Kalayaan),Contracts & Benefits Officer (HR Admin I),40000.0,229.89,4.4,780.0,false,3,80,3,2,3,3,7,2,2,2,false
31,Female,Divorced,Makati Corporate GSS Head Office (via Gil Puyat Ave),Contracts & Benefits Officer (HR Admin I),40000.0,229.89,4.4,780.0,false,4,80,3,1,2,2,4,2,2,2,false
25,Male,Divorced,Makati Corporate GSS Head Office (via Gil Puyat Ave),Contracts & Benefits Officer (HR Admin I),40000.0,229.89,4.4,780.0,true,3,80,3,4,3,2,7,2,2,0,false
35,Male,Married,BGC Regional Operations Hub (via EDSA/Kalayaan),Contracts & Benefits Officer (HR Admin I),40000.0,229.89,4.4,780.0,true,3,80,3,4,3,3,5,2,2,2,false
44,Male,Married,Alabang Shared Services Data Center (via SLEX Southern Line),Specialized Shared Services Analyst,55000.0,316.09,4.4,780.0,false,3,80,2,2,3,4,17,3,2,1,false
50,Male,Married,Makati Corporate GSS Head Office (via Gil Puyat Ave),Contracts & Benefits Officer (HR Admin I),40000.0,229.89,4.4,780.0,false,2,80,3,3,4,2,5,3,2,0,false
32,Male,Single,Makati Corporate GSS Head Office (via Gil Puyat Ave),Contracts & Benefits Officer (HR Admin I),40000.0,229.89,4.4,780.0,true,2,80,3,4,4,1,4,3,2,1,true
39,Female,Divorced,Makati Corporate GSS Head Office (via Gil Puyat Ave),Contracts & Benefits Officer (HR Admin I),40000.0,229.89,4.4,780.0,false,3,80,3,3,3,3,7,3,2,1,false
26,Male,Divorced,Alabang Shared Services Data Center (via SLEX Southern Line),Contracts & Benefits Officer (HR Admin I),35000.0,201.15,4.4,780.0,true,3,80,2,1,4,3,5,3,2,0,true
29,Male,Single,BGC Regional Operations Hub (via EDSA/Kalayaan),Contracts & Benefits Officer (HR Admin I),40000.0,229.89,4.4,780.0,false,2,80,4,2,3,3,4,3,2,2,false
43,Male,Married,Alabang Shared Services Data Center (via SLEX Southern Line),Global Mobility Officer (HR Admin I),40000.0,229.89,4.4,780.0,false,3,80,4,4,1,3,8,3,2,1,false
35,Male,Single,Alabang Shared Services Data Center (via SLEX Southern Line),Specialized Shared Services Analyst,65000.0,373.56,4.4,780.0,false,2,80,4,1,4,3,9,3,2,0,false
26,Female,Married,BGC Regional Operations Hub (via EDSA/Kalayaan),Contracts & Benefits Officer (HR Admin I),40000.0,229.89,4.4,780.0,true,3,80,4,3,3,3,3,3,2,0,false
44,Male,Married,BGC Regional Operations Hub (via EDSA/Kalayaan),Global Mobility Officer (HR Admin I),40000.0,229.89,4.4,780.0,true,4,80,4,1,3,2,10,3,2,0,false
32,Male,Divorced,Makati Corporate GSS Head Office (via Gil Puyat Ave),Contracts & Benefits Officer (HR Admin I),40000.0,229.89,4.4,780.0,false,3,80,4,4,2,3,4,3,0,0,false
32,Female,Married,Makati Corporate GSS Head Office (via Gil Puyat Ave),Global Mobility Officer (HR Admin I),35000.0,201.15,4.4,780.0,false,2,80,2,3,3,3,5,3,0,0,false
30,Female,Single,Alabang Shared Services Data Center (via SLEX Southern Line),Contracts & Benefits Officer (HR Admin I),35000.0,201.15,4.4,780.0,false,3,80,2,2,1,3,4,3,2,1,true
35,Male,Divorced,BGC Regional Operations Hub (via EDSA/Kalayaan),Global Mobility Officer (HR Admin I),40000.0,229.89,4.4,780.0,false,3,80,4,2,1,2,3,3,2,1,false
27,Male,Married,BGC Regional Operations Hub (via EDSA/Kalayaan),Contracts & Benefits Officer (HR Admin I),40000.0,229.89,4.4,780.0,false,1,80,3,1,4,3,3,3,2,1,false
44,Male,Married,Makati Corporate GSS Head Office (via Gil Puyat Ave),Contracts & Benefits Officer (HR Admin I),32000.0,183.91,4.4,780.0,false,3,80,1,1,3,4,10,3,2,1,true
25,Male,Married,Alabang Shared Services Data Center (via SLEX Southern Line),Contracts & Benefits Officer (HR Admin I),40000.0,229.89,4.4,780.0,false,3,80,4,4,3,2,7,3,2,1,false
37,Female,Single,BGC Regional Operations Hub (via EDSA/Kalayaan),Contracts & Benefits Officer (HR Admin I),40000.0,229.89,4.4,780.0,false,3,80,3,1,1,3,8,3,2,0,false
25,Male,Married,Makati Corporate GSS Head Office (via Gil Puyat Ave),Contracts & Benefits Officer (HR Admin I),40000.0,229.89,4.4,780.0,false,3,80,4,1,2,2,7,3,2,0,false
49,Female,Married,Makati Corporate GSS Head Office (via Gil Puyat Ave),Specialized Shared Services Analyst,48000.0,275.86,4.4,780.0,false,2,80,1,3,1,3,10,3,2,1,false
29,Female,Married,Makati Corporate GSS Head Office (via Gil Puyat Ave),Contracts & Benefits Officer (HR Admin I),35000.0,201.15,4.4,780.0,false,3,80,2,4,3,3,4,3,2,0,false
35,Male,Single,Makati Corporate GSS Head Office (via Gil Puyat Ave),Contracts & Benefits Officer (HR Admin I),32000.0,183.91,4.4,780.0,false,2,80,1,4,2,3,3,3,0,1,false
36,Male,Married,BGC Regional Operations Hub (via EDSA/Kalayaan),Specialized Shared Services Analyst,48000.0,275.86,4.4,780.0,true,4,80,1,1,4,3,9,3,2,0,false
26,Male,Married,Alabang Shared Services Data Center (via SLEX Southern Line),Contracts & Benefits Officer (HR Admin I),40000.0,229.89,4.4,780.0,false,1,80,3,4,3,4,3,3,2,0,false
23,Female,Single,Makati Corporate GSS Head Office (via Gil Puyat Ave),Contracts & Benefits Officer (HR Admin I),35000.0,201.15,4.4,780.0,false,3,80,2,3,3,1,3,3,2,1,false
29,Male,Single,BGC Regional Operations Hub (via EDSA/Kalayaan),Contracts & Benefits Officer (HR Admin I),32000.0,183.91,4.4,780.0,false,3,80,1,4,2,3,11,3,2,1,false
28,Male,Single,Alabang Shared Services Data Center (via SLEX Southern Line),Contracts & Benefits Officer (HR Admin I),40000.0,229.89,4.4,780.0,true,2,80,3,3,2,3,6,4,2,0,true
51,Male,Married,BGC Regional Operations Hub (via EDSA/Kalayaan),Global Mobility Officer (HR Admin I),40000.0,229.89,4.4,780.0,false,3,80,4,4,2,3,10,4,2,0,false
31,Male,Married,Makati Corporate GSS Head Office (via Gil Puyat Ave),Contracts & Benefits Officer (HR Admin I),32000.0,183.91,4.4,780.0,false,2,80,1,4,3,3,4,4,2,3,false
33,Male,Divorced,BGC Regional Operations Hub (via EDSA/Kalayaan),Contracts & Benefits Officer (HR Admin I),40000.0,229.89,4.4,780.0,false,1,80,4,1,1,3,8,4,3,1,true
23,Male,Married,BGC Regional Operations Hub (via EDSA/Kalayaan),Contracts & Benefits Officer (HR Admin I),32000.0,183.91,4.4,780.0,false,3,80,1,2,4,4,5,4,3,0,false
29,Female,Divorced,BGC Regional Operations Hub (via EDSA/Kalayaan),Contracts & Benefits Officer (HR Admin I),40000.0,229.89,4.4,780.0,false,2,80,4,1,3,3,8,4,3,0,false
35,Male,Divorced,BGC Regional Operations Hub (via EDSA/Kalayaan),Global Mobility Officer (HR Admin I),35000.0,201.15,4.4,780.0,true,2,80,2,3,4,1,5,4,2,0,true
22,Male,Married,BGC Regional Operations Hub (via EDSA/Kalayaan),Contracts & Benefits Officer (HR Admin I),32000.0,183.91,4.4,780.0,false,1,80,1,2,1,2,4,4,3,1,false
28,Male,Divorced,BGC Regional Operations Hub (via EDSA/Kalayaan),Contracts & Benefits Officer (HR Admin I),40000.0,229.89,4.4,780.0,false,3,80,3,1,4,2,4,4,2,2,false
24,Male,Single,Alabang Shared Services Data Center (via SLEX Southern Line),Global Mobility Officer (HR Admin I),35000.0,201.15,4.4,780.0,false,3,80,2,4,4,3,6,4,3,1,false
28,Male,Single,Makati Corporate GSS Head Office (via Gil Puyat Ave),Contracts & Benefits Officer (HR Admin I),40000.0,229.89,4.4,780.0,true,3,80,3,4,3,2,5,4,2,0,false
40,Male,Married,Makati Corporate GSS Head Office (via Gil Puyat Ave),Global Mobility Officer (HR Admin I),35000.0,201.15,4.4,780.0,false,3,80,2,2,3,3,7,4,2,0,false
49,Male,Single,Alabang Shared Services Data Center (via SLEX Southern Line),Specialized Shared Services Analyst,48000.0,275.86,4.4,780.0,false,2,80,1,1,1,3,20,4,3,1,true
23,Male,Single,Alabang Shared Services Data Center (via SLEX Southern Line),Specialized Shared Services Analyst,65000.0,373.56,4.4,780.0,false,3,80,3,1,2,3,5,4,3,1,false
40,Male,Single,BGC Regional Operations Hub (via EDSA/Kalayaan),Contracts & Benefits Officer (HR Admin I),32000.0,183.91,4.4,780.0,true,3,80,1,1,2,1,10,4,2,0,true
36,Male,Single,BGC Regional Operations Hub (via EDSA/Kalayaan),Contracts & Benefits Officer (HR Admin I),35000.0,201.15,4.4,780.0,false,3,80,2,1,3,3,15,4,3,1,false
38,Female,Single,Makati Corporate GSS Head Office (via Gil Puyat Ave),Global Mobility Officer (HR Admin I),35000.0,201.15,4.4,780.0,false,2,80,2,4,2,3,4,4,3,3,false
40,Female,Married,Makati Corporate GSS Head Office (via Gil Puyat Ave),Contracts & Benefits Officer (HR Admin I),32000.0,183.91,4.4,780.0,false,3,80,1,3,4,2,7,4,3,0,false
56,Male,Single,Alabang Shared Services Data Center (via SLEX Southern Line),Contracts & Benefits Officer (HR Admin I),40000.0,229.89,4.4,780.0,false,3,80,4,1,4,3,5,4,2,1,true
28,Male,Divorced,Alabang Shared Services Data Center (via SLEX Southern Line),Contracts & Benefits Officer (HR Admin I),40000.0,229.89,4.4,780.0,false,2,80,4,3,1,2,6,4,1,0,true
29,Male,Married,BGC Regional Operations Hub (via EDSA/Kalayaan),Specialized Shared Services Analyst,55000.0,316.09,4.4,780.0,true,2,80,2,4,1,3,10,4,3,0,false
34,Male,Married,BGC Regional Operations Hub (via EDSA/Kalayaan),Specialized Shared Services Analyst,65000.0,373.56,4.4,780.0,false,4,80,3,2,1,4,6,4,3,1,false
35,Male,Married,Alabang Shared Services Data Center (via SLEX Southern Line),Contracts & Benefits Officer (HR Admin I),35000.0,201.15,4.4,780.0,false,4,80,2,1,3,3,6,5,4,0,false
24,Male,Married,Alabang Shared Services Data Center (via SLEX Southern Line),Contracts & Benefits Officer (HR Admin I),40000.0,229.89,4.4,780.0,false,3,80,3,2,3,3,6,5,3,1,false
32,Female,Single,BGC Regional Operations Hub (via EDSA/Kalayaan),Global Mobility Officer (HR Admin I),32000.0,183.91,4.4,780.0,false,3,80,1,1,1,4,10,5,4,0,true
30,Male,Single,Makati Corporate GSS Head Office (via Gil Puyat Ave),Contracts & Benefits Officer (HR Admin I),40000.0,229.89,4.4,780.0,false,2,80,4,2,4,3,6,5,3,1,false
41,Male,Married,BGC Regional Operations Hub (via EDSA/Kalayaan),Global Mobility Officer (HR Admin I),32000.0,183.91,4.4,780.0,false,3,80,1,3,4,3,7,5,0,1,false
33,Male,Married,BGC Regional Operations Hub (via EDSA/Kalayaan),Contracts & Benefits Officer (HR Admin I),40000.0,229.89,4.4,780.0,true,3,80,4,3,3,1,8,5,4,0,true
31,Male,Single,Alabang Shared Services Data Center (via SLEX Southern Line),Contracts & Benefits Officer (HR Admin I),35000.0,201.15,4.4,780.0,false,2,80,2,3,2,4,6,5,4,1,true
32,Male,Married,BGC Regional Operations Hub (via EDSA/Kalayaan),Global Mobility Officer (HR Admin I),35000.0,201.15,4.4,780.0,false,4,80,2,2,3,1,5,5,1,0,false
37,Female,Married,BGC Regional Operations Hub (via EDSA/Kalayaan),Global Mobility Officer (HR Admin I),32000.0,183.91,4.4,780.0,false,3,80,1,3,2,3,17,5,4,0,false
27,Male,Divorced,Makati Corporate GSS Head Office (via Gil Puyat Ave),Contracts & Benefits Officer (HR Admin I),35000.0,201.15,4.4,780.0,false,3,80,2,4,2,3,5,5,2,0,false
42,Female,Divorced,Makati Corporate GSS Head Office (via Gil Puyat Ave),Contracts & Benefits Officer (HR Admin I),32000.0,183.91,4.4,780.0,false,3,80,1,2,2,3,8,5,2,1,false
30,Male,Married,Makati Corporate GSS Head Office (via Gil Puyat Ave),Contracts & Benefits Officer (HR Admin I),40000.0,229.89,4.4,780.0,false,3,80,4,3,3,1,9,5,3,1,false
35,Male,Single,Alabang Shared Services Data Center (via SLEX Southern Line),Contracts & Benefits Officer (HR Admin I),40000.0,229.89,4.4,780.0,false,1,80,3,4,3,3,6,5,4,4,false
44,Male,Single,Alabang Shared Services Data Center (via SLEX Southern Line),Contracts & Benefits Officer (HR Admin I),40000.0,229.89,4.4,780.0,false,1,80,3,1,3,3,9,5,2,1,false
52,Female,Married,BGC Regional Operations Hub (via EDSA/Kalayaan),Specialized Shared Services Analyst,65000.0,373.56,4.4,780.0,false,3,80,3,4,2,3,9,5,2,1,false
24,Male,Married,Makati Corporate GSS Head Office (via Gil Puyat Ave),Contracts & Benefits Officer (HR Admin I),40000.0,229.89,4.4,780.0,false,2,80,4,1,4,2,6,5,2,3,false
42,Female,Married,Makati Corporate GSS Head Office (via Gil Puyat Ave),Specialized Shared Services Analyst,65000.0,373.56,4.4,780.0,true,4,80,4,3,2,2,17,5,3,1,false
45,Female,Divorced,Makati Corporate GSS Head Office (via Gil Puyat Ave),Contracts & Benefits Officer (HR Admin I),40000.0,229.89,4.4,780.0,false,3,80,4,4,4,3,8,5,3,0,false
26,Male,Married,Makati Corporate GSS Head Office (via Gil Puyat Ave),Contracts & Benefits Officer (HR Admin I),32000.0,183.91,4.4,780.0,false,2,80,1,1,1,3,6,5,3,1,false
39,Male,Single,BGC Regional Operations Hub (via EDSA/Kalayaan),Specialized Shared Services Analyst,55000.0,316.09,4.4,780.0,false,3,80,2,3,3,2,9,5,4,0,false
52,Female,Married,BGC Regional Operations Hub (via EDSA/Kalayaan),Contracts & Benefits Officer (HR Admin I),32000.0,183.91,4.4,780.0,false,3,80,1,3,3,1,12,5,4,0,false
27,Male,Married,BGC Regional Operations Hub (via EDSA/Kalayaan),Contracts & Benefits Officer (HR Admin I),32000.0,183.91,4.4,780.0,false,3,80,1,2,2,4,6,5,0,1,false
34,Female,Married,Makati Corporate GSS Head Office (via Gil Puyat Ave),Contracts & Benefits Officer (HR Admin I),35000.0,201.15,4.4,780.0,false,2,80,2,4,1,2,7,5,4,0,false
44,Male,Single,Alabang Shared Services Data Center (via SLEX Southern Line),Contracts & Benefits Officer (HR Admin I),40000.0,229.89,4.4,780.0,false,2,80,3,3,4,3,7,5,2,0,false
33,Female,Married,Makati Corporate GSS Head Office (via Gil Puyat Ave),Contracts & Benefits Officer (HR Admin I),35000.0,201.15,4.4,780.0,false,2,80,2,1,4,3,8,5,4,0,false
40,Male,Single,BGC Regional Operations Hub (via EDSA/Kalayaan),Contracts & Benefits Officer (HR Admin I),32000.0,183.91,4.4,780.0,false,3,80,1,4,2,1,15,5,4,1,true
23,Male,Single,BGC Regional Operations Hub (via EDSA/Kalayaan),Contracts & Benefits Officer (HR Admin I),40000.0,229.89,4.4,780.0,true,2,80,3,4,1,3,5,5,4,1,true
29,Female,Married,BGC Regional Operations Hub (via EDSA/Kalayaan),Contracts & Benefits Officer (HR Admin I),40000.0,229.89,4.4,780.0,false,3,80,3,4,3,3,9,5,3,1,false
31,Male,Married,Makati Corporate GSS Head Office (via Gil Puyat Ave),Contracts & Benefits Officer (HR Admin I),40000.0,229.89,4.4,780.0,false,3,80,3,2,4,4,6,5,2,0,false
42,Male,Divorced,BGC Regional Operations Hub (via EDSA/Kalayaan),Global Mobility Officer (HR Admin I),35000.0,201.15,4.4,780.0,false,3,80,2,2,2,2,7,5,3,0,false
41,Male,Divorced,BGC Regional Operations Hub (via EDSA/Kalayaan),Global Mobility Officer (HR Admin I),32000.0,183.91,4.4,780.0,false,3,80,1,3,2,3,5,5,3,0,false
38,Female,Married,BGC Regional Operations Hub (via EDSA/Kalayaan),Contracts & Benefits Officer (HR Admin I),40000.0,229.89,4.4,780.0,false,2,80,3,4,2,3,5,5,4,0,false
35,Male,Married,Alabang Shared Services Data Center (via SLEX Southern Line),Contracts & Benefits Officer (HR Admin I),40000.0,229.89,4.4,780.0,false,1,80,3,2,2,4,6,5,4,0,false
27,Female,Single,Alabang Shared Services Data Center (via SLEX Southern Line),Contracts & Benefits Officer (HR Admin I),40000.0,229.89,4.4,780.0,true,3,80,4,4,3,2,6,5,4,0,false
36,Male,Married,BGC Regional Operations Hub (via EDSA/Kalayaan),Global Mobility Officer (HR Admin I),35000.0,201.15,4.4,780.0,false,4,80,2,1,2,3,5,5,4,0,false
23,Male,Single,BGC Regional Operations Hub (via EDSA/Kalayaan),Contracts & Benefits Officer (HR Admin I),40000.0,229.89,4.4,780.0,false,3,80,4,4,3,4,5,5,2,1,false
36,Male,Married,Alabang Shared Services Data Center (via SLEX Southern Line),Specialized Shared Services Analyst,65000.0,373.56,4.4,780.0,false,4,80,4,3,3,3,17,5,2,0,false
35,Female,Single,Makati Corporate GSS Head Office (via Gil Puyat Ave),Specialized Shared Services Analyst,55000.0,316.09,4.4,780.0,false,3,80,2,2,4,3,10,6,2,1,false
32,Male,Single,Makati Corporate GSS Head Office (via Gil Puyat Ave),Specialized Shared Services Analyst,48000.0,275.86,4.4,780.0,false,2,80,1,4,4,3,9,6,2,0,false
24,Female,Married,BGC Regional Operations Hub (via EDSA/Kalayaan),Contracts & Benefits Officer (HR Admin I),40000.0,229.89,4.4,780.0,true,3,80,3,1,4,3,6,6,3,1,true
28,Male,Married,Alabang Shared Services Data Center (via SLEX Southern Line),Contracts & Benefits Officer (HR Admin I),32000.0,183.91,4.4,780.0,false,2,80,1,4,3,3,6,6,5,3,false
37,Male,Single,Alabang Shared Services Data Center (via SLEX Southern Line),Contracts & Benefits Officer (HR Admin I),40000.0,229.89,4.4,780.0,false,4,80,3,3,1,1,7,6,5,1,false
43,Male,Divorced,Alabang Shared Services Data Center (via SLEX Southern Line),Contracts & Benefits Officer (HR Admin I),35000.0,201.15,4.4,780.0,false,4,80,2,4,3,3,8,6,4,0,false
24,Male,Divorced,Alabang Shared Services Data Center (via SLEX Southern Line),Contracts & Benefits Officer (HR Admin I),32000.0,183.91,4.4,780.0,false,3,80,1,2,2,4,6,6,2,1,false
38,Female,Married,Makati Corporate GSS Head Office (via Gil Puyat Ave),Contracts & Benefits Officer (HR Admin I),35000.0,201.15,4.4,780.0,false,2,80,2,3,2,2,9,6,1,0,false
32,Female,Single,Alabang Shared Services Data Center (via SLEX Southern Line),Contracts & Benefits Officer (HR Admin I),35000.0,201.15,4.4,780.0,false,2,80,2,3,3,3,6,6,2,4,false
32,Male,Single,Makati Corporate GSS Head Office (via Gil Puyat Ave),Contracts & Benefits Officer (HR Admin I),40000.0,229.89,4.4,780.0,false,3,80,4,4,3,2,8,7,7,3,false
31,Male,Divorced,BGC Regional Operations Hub (via EDSA/Kalayaan),Specialized Shared Services Analyst,65000.0,373.56,4.4,780.0,false,3,80,4,4,4,2,10,7,7,1,false
40,Male,Married,Alabang Shared Services Data Center (via SLEX Southern Line),Specialized Shared Services Analyst,65000.0,373.56,4.4,780.0,true,3,80,4,3,3,4,15,7,2,3,false
29,Male,Married,BGC Regional Operations Hub (via EDSA/Kalayaan),Contracts & Benefits Officer (HR Admin I),32000.0,183.91,4.4,780.0,true,1,80,1,2,4,2,7,7,7,0,true
40,Female,Married,BGC Regional Operations Hub (via EDSA/Kalayaan),Contracts & Benefits Officer (HR Admin I),40000.0,229.89,4.4,780.0,true,4,80,3,4,3,3,10,7,7,1,false
41,Female,Divorced,Makati Corporate GSS Head Office (via Gil Puyat Ave),Contracts & Benefits Officer (HR Admin I),40000.0,229.89,4.4,780.0,true,1,80,4,2,3,2,10,7,7,1,true
25,Male,Married,Makati Corporate GSS Head Office (via Gil Puyat Ave),Contracts & Benefits Officer (HR Admin I),40000.0,229.89,4.4,780.0,true,3,80,4,4,2,4,7,7,7,5,true
36,Male,Divorced,BGC Regional Operations Hub (via EDSA/Kalayaan),Contracts & Benefits Officer (HR Admin I),40000.0,229.89,4.4,780.0,false,1,80,3,3,3,3,7,7,7,1,false
51,Female,Single,BGC Regional Operations Hub (via EDSA/Kalayaan),Contracts & Benefits Officer (HR Admin I),40000.0,229.89,4.4,780.0,false,2,80,3,2,2,2,8,7,0,7,false
29,Female,Divorced,BGC Regional Operations Hub (via EDSA/Kalayaan),Contracts & Benefits Officer (HR Admin I),40000.0,229.89,4.4,780.0,true,3,80,3,2,1,3,10,7,7,7,true
26,Male,Single,BGC Regional Operations Hub (via EDSA/Kalayaan),Contracts & Benefits Officer (HR Admin I),32000.0,183.91,4.4,780.0,false,4,80,1,3,4,3,8,7,7,0,false
27,Male,Divorced,Alabang Shared Services Data Center (via SLEX Southern Line),Contracts & Benefits Officer (HR Admin I),32000.0,183.91,4.4,780.0,false,2,80,1,4,1,3,7,7,7,0,false
26,Male,Single,BGC Regional Operations Hub (via EDSA/Kalayaan),Global Mobility Officer (HR Admin I),40000.0,229.89,4.4,780.0,false,3,80,4,4,3,3,7,7,7,5,false
34,Male,Married,BGC Regional Operations Hub (via EDSA/Kalayaan),Specialized Shared Services Analyst,48000.0,275.86,4.4,780.0,false,3,80,1,4,3,2,11,7,1,0,true
26,Male,Married,BGC Regional Operations Hub (via EDSA/Kalayaan),Contracts & Benefits Officer (HR Admin I),40000.0,229.89,4.4,780.0,false,4,80,4,3,1,3,8,7,7,7,false
26,Male,Single,Makati Corporate GSS Head Office (via Gil Puyat Ave),Contracts & Benefits Officer (HR Admin I),32000.0,183.91,4.4,780.0,false,3,80,1,3,4,2,8,7,7,7,false
36,Male,Single,Makati Corporate GSS Head Office (via Gil Puyat Ave),Contracts & Benefits Officer (HR Admin I),35000.0,201.15,4.4,780.0,false,3,80,2,4,3,2,13,8,7,7,false
36,Female,Single,Alabang Shared Services Data Center (via SLEX Southern Line),Contracts & Benefits Officer (HR Admin I),40000.0,229.89,4.4,780.0,false,3,80,4,2,1,3,8,8,1,1,false
43,Female,Single,BGC Regional Operations Hub (via EDSA/Kalayaan),Contracts & Benefits Officer (HR Admin I),40000.0,229.89,4.4,780.0,false,3,80,4,3,1,3,9,8,7,1,false
32,Female,Married,Makati Corporate GSS Head Office (via Gil Puyat Ave),Contracts & Benefits Officer (HR Admin I),35000.0,201.15,4.4,780.0,false,3,80,2,3,3,3,8,8,0,0,false
39,Female,Married,BGC Regional Operations Hub (via EDSA/Kalayaan),Contracts & Benefits Officer (HR Admin I),40000.0,229.89,4.4,780.0,false,3,80,3,3,1,3,8,8,3,0,false
43,Male,Divorced,BGC Regional Operations Hub (via EDSA/Kalayaan),Specialized Shared Services Analyst,65000.0,373.56,4.4,780.0,true,3,80,3,4,2,3,10,8,7,4,false
32,Female,Single,Alabang Shared Services Data Center (via SLEX Southern Line),Contracts & Benefits Officer (HR Admin I),40000.0,229.89,4.4,780.0,false,3,80,3,4,2,3,10,8,7,7,false
35,Male,Married,Makati Corporate GSS Head Office (via Gil Puyat Ave),Contracts & Benefits Officer (HR Admin I),40000.0,229.89,4.4,780.0,false,2,80,3,4,2,3,10,8,0,1,false
26,Male,Married,Makati Corporate GSS Head Office (via Gil Puyat Ave),Global Mobility Officer (HR Admin I),40000.0,229.89,4.4,780.0,false,4,80,4,1,2,3,8,8,7,0,false
34,Male,Married,Alabang Shared Services Data Center (via SLEX Southern Line),Specialized Shared Services Analyst,65000.0,373.56,4.4,780.0,false,3,80,3,2,1,3,10,8,7,7,false
40,Male,Divorced,BGC Regional Operations Hub (via EDSA/Kalayaan),Specialized Shared Services Analyst,65000.0,373.56,4.4,780.0,false,3,80,3,3,3,4,11,8,7,0,false
29,Female,Single,BGC Regional Operations Hub (via EDSA/Kalayaan),Specialized Shared Services Analyst,65000.0,373.56,4.4,780.0,true,2,80,3,4,4,3,10,9,5,0,false
34,Male,Single,BGC Regional Operations Hub (via EDSA/Kalayaan),Specialized Shared Services Analyst,65000.0,373.56,4.4,780.0,true,1,80,3,1,4,3,9,9,7,0,true
33,Female,Married,Makati Corporate GSS Head Office (via Gil Puyat Ave),Global Mobility Officer (HR Admin I),32000.0,183.91,4.4,780.0,false,3,80,1,1,1,4,13,9,7,1,true
42,Female,Divorced,Makati Corporate GSS Head Office (via Gil Puyat Ave),Contracts & Benefits Officer (HR Admin I),32000.0,183.91,4.4,780.0,true,2,80,1,4,3,3,10,9,6,7,false
36,Female,Married,Alabang Shared Services Data Center (via SLEX Southern Line),Specialized Shared Services Analyst,55000.0,316.09,4.4,780.0,false,3,80,2,2,3,3,11,9,8,0,false
43,Female,Divorced,BGC Regional Operations Hub (via EDSA/Kalayaan),Specialized Shared Services Analyst,65000.0,373.56,4.4,780.0,false,2,80,3,3,2,4,9,9,7,0,false
45,Male,Married,Makati Corporate GSS Head Office (via Gil Puyat Ave),Specialized Shared Services Analyst,55000.0,316.09,4.4,780.0,false,3,80,2,3,2,2,9,9,7,0,false
45,Male,Married,Alabang Shared Services Data Center (via SLEX Southern Line),Specialized Shared Services Analyst,48000.0,275.86,4.4,780.0,true,3,80,1,4,3,3,9,9,8,0,false
30,Female,Married,BGC Regional Operations Hub (via EDSA/Kalayaan),Specialized Shared Services Analyst,65000.0,373.56,4.4,780.0,false,2,80,4,1,1,3,10,9,2,6,false
28,Female,Married,Makati Corporate GSS Head Office (via Gil Puyat Ave),Specialized Shared Services Analyst,65000.0,373.56,4.4,780.0,false,1,80,4,3,1,3,10,9,8,7,false
35,Female,Married,Makati Corporate GSS Head Office (via Gil Puyat Ave),Specialized Shared Services Analyst,65000.0,373.56,4.4,780.0,false,2,80,4,4,2,3,10,9,7,0,false
49,Female,Married,Alabang Shared Services Data Center (via SLEX Southern Line),Contracts & Benefits Officer (HR Admin I),32000.0,183.91,4.4,780.0,false,3,80,1,3,4,2,10,9,6,1,false
39,Male,Married,Makati Corporate GSS Head Office (via Gil Puyat Ave),Specialized Shared Services Analyst,65000.0,373.56,4.4,780.0,true,3,80,4,4,4,3,9,9,8,5,false
30,Male,Single,BGC Regional Operations Hub (via EDSA/Kalayaan),Contracts & Benefits Officer (HR Admin I),40000.0,229.89,4.4,780.0,false,2,80,3,4,1,3,10,10,0,1,false
38,Female,Single,Alabang Shared Services Data Center (via SLEX Southern Line),Specialized Shared Services Analyst,65000.0,373.56,4.4,780.0,false,3,80,4,4,4,3,10,10,3,9,false
30,Male,Married,Makati Corporate GSS Head Office (via Gil Puyat Ave),Specialized Shared Services Analyst,65000.0,373.56,4.4,780.0,true,2,80,4,4,3,2,10,10,8,3,false
55,Male,Married,Alabang Shared Services Data Center (via SLEX Southern Line),Specialized Shared Services Analyst,65000.0,373.56,4.4,780.0,true,3,80,4,2,4,3,12,10,7,0,false
28,Male,Divorced,Alabang Shared Services Data Center (via SLEX Southern Line),Specialized Shared Services Analyst,48000.0,275.86,4.4,780.0,false,3,80,1,3,4,3,10,10,0,1,false
32,Male,Married,Alabang Shared Services Data Center (via SLEX Southern Line),Specialized Shared Services Analyst,65000.0,373.56,4.4,780.0,false,3,80,4,1,4,3,10,10,8,4,false
29,Female,Married,BGC Regional Operations Hub (via EDSA/Kalayaan),Contracts & Benefits Officer (HR Admin I),40000.0,229.89,4.4,780.0,false,3,80,4,2,1,3,10,10,8,0,false
30,Male,Divorced,BGC Regional Operations Hub (via EDSA/Kalayaan),Specialized Shared Services Analyst,65000.0,373.56,4.4,780.0,false,3,80,3,3,1,2,10,10,7,8,false
32,Male,Married,BGC Regional Operations Hub (via EDSA/Kalayaan),Specialized Shared Services Analyst,65000.0,373.56,4.4,780.0,false,3,80,3,4,1,3,10,10,4,1,true
36,Male,Single,Makati Corporate GSS Head Office (via Gil Puyat Ave),Specialized Shared Services Analyst,65000.0,373.56,4.4,780.0,false,2,80,4,1,3,2,10,10,4,1,false
29,Male,Single,Makati Corporate GSS Head Office (via Gil Puyat Ave),Contracts & Benefits Officer (HR Admin I),32000.0,183.91,4.4,780.0,true,3,80,1,2,4,3,10,10,9,1,false
35,Male,Married,Alabang Shared Services Data Center (via SLEX Southern Line),Specialized Shared Services Analyst,65000.0,373.56,4.4,780.0,false,4,80,3,2,4,2,10,10,9,6,false
45,Female,Single,Alabang Shared Services Data Center (via SLEX Southern Line),Specialized Shared Services Analyst,48000.0,275.86,4.4,780.0,true,1,80,1,3,1,3,10,10,7,1,false
39,Male,Divorced,Makati Corporate GSS Head Office (via Gil Puyat Ave),Specialized Shared Services Analyst,65000.0,373.56,4.4,780.0,false,2,80,3,3,4,3,11,10,8,0,false
31,Male,Divorced,Alabang Shared Services Data Center (via SLEX Southern Line),Specialized Shared Services Analyst,65000.0,373.56,4.4,780.0,false,3,80,3,2,1,3,10,10,8,0,false
40,Female,Married,BGC Regional Operations Hub (via EDSA/Kalayaan),Specialized Shared Services Analyst,65000.0,373.56,4.4,780.0,false,3,80,3,4,1,4,10,10,9,9,false
56,Male,Married,BGC Regional Operations Hub (via EDSA/Kalayaan),Contracts & Benefits Officer (HR Admin I),40000.0,229.89,4.4,780.0,false,3,80,3,4,4,1,14,10,9,9,true
30,Female,Single,Makati Corporate GSS Head Office (via Gil Puyat Ave),Contracts & Benefits Officer (HR Admin I),40000.0,229.89,4.4,780.0,false,3,80,4,3,3,2,12,11,7,6,false
36,Male,Single,Makati Corporate GSS Head Office (via Gil Puyat Ave),Global Mobility Officer (HR Admin I),40000.0,229.89,4.4,780.0,false,3,80,3,3,3,3,16,11,8,3,false
34,Female,Divorced,Alabang Shared Services Data Center (via SLEX Southern Line),Specialized Shared Services Analyst,55000.0,316.09,4.4,780.0,false,3,80,2,3,3,4,15,11,8,5,false
29,Male,Married,Alabang Shared Services Data Center (via SLEX Southern Line),Contracts & Benefits Officer (HR Admin I),40000.0,229.89,4.4,780.0,false,3,80,4,4,2,4,11,11,8,3,false
30,Female,Single,Makati Corporate GSS Head Office (via Gil Puyat Ave),Specialized Shared Services Analyst,65000.0,373.56,4.4,780.0,false,3,80,4,3,4,3,12,12,8,3,false
30,Male,Divorced,BGC Regional Operations Hub (via EDSA/Kalayaan),Specialized Shared Services Analyst,48000.0,275.86,4.4,780.0,false,3,80,1,3,3,3,12,12,9,6,false
42,Female,Single,BGC Regional Operations Hub (via EDSA/Kalayaan),Contracts & Benefits Officer (HR Admin I),40000.0,229.89,4.4,780.0,false,3,80,4,1,3,3,12,12,9,5,false
30,Male,Married,Makati Corporate GSS Head Office (via Gil Puyat Ave),Contracts & Benefits Officer (HR Admin I),35000.0,201.15,4.4,780.0,false,3,80,2,4,3,2,12,12,8,1,false
36,Male,Single,Alabang Shared Services Data Center (via SLEX Southern Line),Specialized Shared Services Analyst,55000.0,316.09,4.4,780.0,false,3,80,2,4,4,4,16,13,11,3,false
33,Male,Married,Alabang Shared Services Data Center (via SLEX Southern Line),Contracts & Benefits Officer (HR Admin I),35000.0,201.15,4.4,780.0,false,4,80,2,2,4,3,14,14,11,2,false
36,Male,Married,BGC Regional Operations Hub (via EDSA/Kalayaan),Contracts & Benefits Officer (HR Admin I),40000.0,229.89,4.4,780.0,false,3,80,4,4,3,3,16,15,13,10,false
33,Male,Married,Alabang Shared Services Data Center (via SLEX Southern Line),Specialized Shared Services Analyst,65000.0,373.56,4.4,780.0,true,3,80,3,2,2,3,15,15,14,5,false
34,Male,Married,Alabang Shared Services Data Center (via SLEX Southern Line),Specialized Shared Services Analyst,65000.0,373.56,4.4,780.0,false,2,80,4,2,3,4,15,15,10,4,false
45,Male,Divorced,BGC Regional Operations Hub (via EDSA/Kalayaan),Specialized Shared Services Analyst,55000.0,316.09,4.4,780.0,false,3,80,2,2,3,1,20,17,9,0,false
36,Female,Single,Alabang Shared Services Data Center (via SLEX Southern Line),Contracts & Benefits Officer (HR Admin I),32000.0,183.91,4.4,780.0,false,4,80,1,3,3,3,18,17,13,15,true
37,Female,Divorced,BGC Regional Operations Hub (via EDSA/Kalayaan),Contracts & Benefits Officer (HR Admin I),32000.0,183.91,4.4,780.0,false,3,80,1,4,3,2,18,18,7,12,false
41,Male,Single,BGC Regional Operations Hub (via EDSA/Kalayaan),Contracts & Benefits Officer (HR Admin I),32000.0,183.91,4.4,780.0,true,3,80,1,4,3,3,20,18,13,2,false
50,Male,Married,Alabang Shared Services Data Center (via SLEX Southern Line),Contracts & Benefits Officer (HR Admin I),40000.0,229.89,4.4,780.0,true,4,80,3,4,3,3,20,20,8,3,false
45,Male,Divorced,BGC Regional Operations Hub (via EDSA/Kalayaan),Shared Services Team Lead,72000.0,413.79,4.4,780.0,false,3,80,1,1,1,3,24,24,9,9,false
49,Female,Married,BGC Regional Operations Hub (via EDSA/Kalayaan),Shared Services Team Lead,75000.0,431.03,4.4,780.0,false,3,80,2,1,3,2,29,26,9,1,false
48,Female,Married,Alabang Shared Services Data Center (via SLEX Southern Line),Shared Services Team Lead,90000.0,517.24,4.4,780.0,false,3,80,3,1,2,1,15,0,0,0,false
45,Female,Single,Alabang Shared Services Data Center (via SLEX Southern Line),GSS Operations Director (Head),200000.0,1149.43,4.4,780.0,false,3,80,2,2,3,3,22,0,0,0,false
41,Female,Single,BGC Regional Operations Hub (via EDSA/Kalayaan),Shared Services Team Lead,90000.0,517.24,4.4,780.0,true,3,80,4,4,3,3,16,1,0,0,false
57,Male,Divorced,Alabang Shared Services Data Center (via SLEX Southern Line),GSS Operations Director (Head),170000.0,862.07,4.4,780.0,false,2,80,4,1,3,2,32,1,0,0,false
42,Male,Married,Alabang Shared Services Data Center (via SLEX Southern Line),GSS Operations Director (Head),250000.0,1149.43,4.4,780.0,false,3,80,3,4,2,4,21,1,0,0,false
49,Male,Married,Makati Corporate GSS Head Office (via Gil Puyat Ave),GSS Operations Director (Head),250000.0,1149.43,4.4,780.0,false,2,80,3,1,3,4,23,1,0,0,false
50,Male,Married,BGC Regional Operations Hub (via EDSA/Kalayaan),GSS Operations Director (Head),250000.0,1149.43,4.4,780.0,true,3,80,3,3,3,3,27,1,0,0,false
42,Male,Single,BGC Regional Operations Hub (via EDSA/Kalayaan),GSS Operations Director (Head),250000.0,1149.43,4.4,780.0,false,2,80,4,4,4,3,24,1,0,0,false
58,Female,Married,Alabang Shared Services Data Center (via SLEX Southern Line),GSS Operations Director (Head),170000.0,862.07,4.4,780.0,true,3,80,4,4,3,2,29,1,0,0,false
46,Female,Single,Makati Corporate GSS Head Office (via Gil Puyat Ave),GSS Operations Director (Head),175000.0,1149.43,4.4,780.0,false,3,80,1,2,4,2,22,2,2,2,false
44,Male,Married,Makati Corporate GSS Head Office (via Gil Puyat Ave),GSS Operations Director (Head),250000.0,1149.43,4.4,780.0,true,3,80,4,4,1,4,26,2,2,0,false
50,Female,Married,Makati Corporate GSS Head Office (via Gil Puyat Ave),GSS Operations Director (Head),120000.0,862.07,4.4,780.0,false,3,80,1,4,3,3,32,2,2,2,false
48,Male,Married,Makati Corporate GSS Head Office (via Gil Puyat Ave),GSS Operations Director (Head),170000.0,862.07,4.4,780.0,false,2,80,4,3,2,3,23,2,2,2,false
51,Female,Married,Makati Corporate GSS Head Office (via Gil Puyat Ave),Shared Services Team Lead,90000.0,517.24,4.4,780.0,false,3,80,3,1,4,3,15,2,2,2,false
59,Female,Married,Makati Corporate GSS Head Office (via Gil Puyat Ave),GSS Operations Director (Head),250000.0,1149.43,4.4,780.0,false,2,80,4,3,4,3,30,3,2,2,false
48,Female,Married,Makati Corporate GSS Head Office (via Gil Puyat Ave),GSS Operations Director (Head),120000.0,862.07,4.4,780.0,false,2,80,1,4,1,1,21,3,2,0,false
47,Female,Divorced,Makati Corporate GSS Head Office (via Gil Puyat Ave),GSS Operations Director (Head),150000.0,862.07,4.4,780.0,false,4,80,2,2,3,3,29,3,2,1,false
55,Female,Divorced,BGC Regional Operations Hub (via EDSA/Kalayaan),GSS Operations Director (Head),170000.0,862.07,4.4,780.0,true,3,80,3,4,3,3,21,5,0,0,false
54,Female,Single,Alabang Shared Services Data Center (via SLEX Southern Line),GSS Operations Director (Head),170000.0,862.07,4.4,780.0,true,4,80,4,4,3,3,23,5,3,4,false
50,Female,Single,BGC Regional Operations Hub (via EDSA/Kalayaan),GSS Operations Director (Head),200000.0,1149.43,4.4,780.0,false,3,80,2,3,2,3,21,5,4,4,false
55,Female,Single,Makati Corporate GSS Head Office (via Gil Puyat Ave),GSS Operations Director (Head),170000.0,862.07,4.4,780.0,true,3,80,4,3,3,3,30,5,4,1,false
52,Female,Married,Makati Corporate GSS Head Office (via Gil Puyat Ave),GSS Operations Director (Head),170000.0,862.07,4.4,780.0,false,3,80,4,4,4,1,31,5,2,1,false
31,Male,Divorced,BGC Regional Operations Hub (via EDSA/Kalayaan),Shared Services Team Lead,90000.0,517.24,4.4,780.0,false,2,80,4,3,3,2,10,5,4,0,false
55,Male,Married,Makati Corporate GSS Head Office (via Gil Puyat Ave),GSS Operations Director (Head),175000.0,1149.43,4.4,780.0,true,3,80,1,4,4,3,24,5,2,1,true
48,Male,Single,Makati Corporate GSS Head Office (via Gil Puyat Ave),GSS Operations Director (Head),170000.0,862.07,4.4,780.0,false,4,80,4,1,3,2,27,5,4,2,false
56,Female,Divorced,Makati Corporate GSS Head Office (via Gil Puyat Ave),GSS Operations Director (Head),175000.0,1149.43,4.4,780.0,false,3,80,1,4,4,3,28,5,2,4,false
32,Male,Single,BGC Regional Operations Hub (via EDSA/Kalayaan),Shared Services Team Lead,90000.0,517.24,4.4,780.0,false,3,80,4,3,2,4,10,5,2,0,false
47,Female,Married,Alabang Shared Services Data Center (via SLEX Southern Line),GSS Operations Director (Head),250000.0,1149.43,4.4,780.0,false,3,80,3,4,3,3,27,5,2,1,false
59,Male,Married,Makati Corporate GSS Head Office (via Gil Puyat Ave),Shared Services Team Lead,90000.0,517.24,4.4,780.0,true,3,80,4,2,3,1,14,6,4,0,false
39,Male,Single,BGC Regional Operations Hub (via EDSA/Kalayaan),GSS Operations Director (Head),250000.0,1149.43,4.4,780.0,false,3,80,4,4,3,2,21,6,0,1,false
41,Male,Divorced,BGC Regional Operations Hub (via EDSA/Kalayaan),GSS Operations Director (Head),120000.0,862.07,4.4,780.0,false,2,80,1,4,2,2,21,7,6,7,false
50,Female,Divorced,Makati Corporate GSS Head Office (via Gil Puyat Ave),GSS Operations Director (Head),250000.0,1149.43,4.4,780.0,false,3,80,4,4,3,2,32,7,0,0,false
46,Female,Married,Makati Corporate GSS Head Office (via Gil Puyat Ave),GSS Operations Director (Head),150000.0,862.07,4.4,780.0,true,1,80,2,3,2,2,28,7,7,7,false
35,Female,Divorced,Alabang Shared Services Data Center (via SLEX Southern Line),Shared Services Team Lead,75000.0,431.03,4.4,780.0,false,4,80,2,2,2,2,10,7,7,6,false
33,Male,Married,BGC Regional Operations Hub (via EDSA/Kalayaan),Shared Services Team Lead,90000.0,517.24,4.4,780.0,true,3,80,3,2,4,4,15,7,6,7,true
53,Female,Divorced,BGC Regional Operations Hub (via EDSA/Kalayaan),GSS Operations Director (Head),250000.0,1149.43,4.4,780.0,false,3,80,3,4,2,3,26,7,7,4,false
56,Male,Single,BGC Regional Operations Hub (via EDSA/Kalayaan),GSS Operations Director (Head),200000.0,1149.43,4.4,780.0,false,3,80,2,4,1,3,36,7,3,7,false
49,Male,Single,Makati Corporate GSS Head Office (via Gil Puyat Ave),GSS Operations Director (Head),170000.0,862.07,4.4,780.0,false,3,80,3,3,1,3,23,8,7,0,false
52,Male,Married,Makati Corporate GSS Head Office (via Gil Puyat Ave),GSS Operations Director (Head),170000.0,862.07,4.4,780.0,false,3,80,4,4,2,2,26,9,8,7,false
45,Female,Married,BGC Regional Operations Hub (via EDSA/Kalayaan),GSS Operations Director (Head),170000.0,862.07,4.4,780.0,false,3,80,4,4,2,4,26,9,3,1,false
55,Male,Single,Makati Corporate GSS Head Office (via Gil Puyat Ave),GSS Operations Director (Head),120000.0,862.07,4.4,780.0,false,2,80,1,3,2,4,31,9,7,6,false
30,Female,Married,Alabang Shared Services Data Center (via SLEX Southern Line),Shared Services Team Lead,72000.0,413.79,4.4,780.0,true,3,80,1,2,4,3,9,9,1,0,false
47,Male,Married,Alabang Shared Services Data Center (via SLEX Southern Line),Shared Services Team Lead,75000.0,431.03,4.4,780.0,true,3,80,2,1,4,2,10,10,7,9,true
33,Female,Married,Alabang Shared Services Data Center (via SLEX Southern Line),Shared Services Team Lead,75000.0,431.03,4.4,780.0,false,3,80,2,4,2,3,12,10,6,8,false
55,Female,Single,Alabang Shared Services Data Center (via SLEX Southern Line),GSS Operations Director (Head),150000.0,862.07,4.4,780.0,false,3,80,2,1,4,3,37,10,9,7,false
33,Male,Single,Alabang Shared Services Data Center (via SLEX Southern Line),GSS Operations Director (Head),170000.0,862.07,4.4,780.0,false,3,80,3,4,4,3,10,10,8,6,false
54,Female,Married,Alabang Shared Services Data Center (via SLEX Southern Line),GSS Operations Director (Head),170000.0,862.07,4.4,780.0,false,3,80,3,2,3,3,36,10,8,4,false
55,Male,Married,Alabang Shared Services Data Center (via SLEX Southern Line),GSS Operations Director (Head),200000.0,1149.43,4.4,780.0,true,4,80,2,3,1,3,35,10,9,1,false
34,Female,Single,Alabang Shared Services Data Center (via SLEX Southern Line),Shared Services Team Lead,72000.0,413.79,4.4,780.0,false,2,80,1,3,4,3,14,11,10,5,false
46,Female,Married,Makati Corporate GSS Head Office (via Gil Puyat Ave),GSS Operations Director (Head),200000.0,1149.43,4.4,780.0,false,2,80,2,4,3,3,26,11,4,0,false
46,Male,Married,Makati Corporate GSS Head Office (via Gil Puyat Ave),GSS Operations Director (Head),170000.0,862.07,4.4,780.0,false,3,80,3,1,4,3,23,12,9,4,false
46,Female,Married,Makati Corporate GSS Head Office (via Gil Puyat Ave),GSS Operations Director (Head),150000.0,862.07,4.4,780.0,false,3,80,2,3,4,4,23,13,12,5,false
53,Female,Divorced,Alabang Shared Services Data Center (via SLEX Southern Line),GSS Operations Director (Head),250000.0,1149.43,4.4,780.0,false,3,80,3,3,4,2,26,14,13,4,false
54,Female,Divorced,BGC Regional Operations Hub (via EDSA/Kalayaan),GSS Operations Director (Head),170000.0,862.07,4.4,780.0,false,3,80,4,2,1,3,26,14,9,1,false
58,Male,Divorced,Makati Corporate GSS Head Office (via Gil Puyat Ave),GSS Operations Director (Head),150000.0,862.07,4.4,780.0,false,3,80,2,2,4,2,37,16,9,14,false
43,Female,Married,BGC Regional Operations Hub (via EDSA/Kalayaan),GSS Operations Director (Head),250000.0,1149.43,4.4,780.0,false,2,80,3,1,4,3,21,16,12,6,false
43,Female,Married,Alabang Shared Services Data Center (via SLEX Southern Line),GSS Operations Director (Head),170000.0,862.07,4.4,780.0,true,3,80,4,4,3,3,22,17,13,1,false
53,Male,Divorced,Makati Corporate GSS Head Office (via Gil Puyat Ave),GSS Operations Director (Head),170000.0,862.07,4.4,780.0,false,3,80,3,3,3,4,22,17,13,15,false
41,Female,Married,Makati Corporate GSS Head Office (via Gil Puyat Ave),GSS Operations Director (Head),120000.0,862.07,4.4,780.0,false,3,80,1,2,2,3,22,18,16,11,false
39,Female,Divorced,BGC Regional Operations Hub (via EDSA/Kalayaan),GSS Operations Director (Head),150000.0,862.07,4.4,780.0,true,2,80,2,3,4,3,21,19,9,15,false
55,Female,Married,Makati Corporate GSS Head Office (via Gil Puyat Ave),GSS Operations Director (Head),250000.0,1149.43,4.4,780.0,false,1,80,3,4,4,3,23,19,9,9,false
40,Male,Divorced,Makati Corporate GSS Head Office (via Gil Puyat Ave),GSS Operations Director (Head),120000.0,862.07,4.4,780.0,false,3,80,1,1,1,3,22,19,7,11,false
40,Female,Married,Makati Corporate GSS Head Office (via Gil Puyat Ave),GSS Operations Director (Head),250000.0,1149.43,4.4,780.0,false,3,80,3,4,2,3,21,20,8,9,false
45,Male,Married,Makati Corporate GSS Head Office (via Gil Puyat Ave),GSS Operations Director (Head),170000.0,862.07,4.4,780.0,false,2,80,4,1,4,3,22,20,8,11,false
40,Female,Married,Makati Corporate GSS Head Office (via Gil Puyat Ave),GSS Operations Director (Head),250000.0,1149.43,4.4,780.0,false,3,80,3,3,4,3,21,20,15,1,false
51,Female,Married,Alabang Shared Services Data Center (via SLEX Southern Line),GSS Operations Director (Head),170000.0,862.07,4.4,780.0,false,3,80,3,1,3,2,29,20,6,4,false
42,Male,Married,Makati Corporate GSS Head Office (via Gil Puyat Ave),GSS Operations Director (Head),170000.0,862.07,4.4,780.0,true,3,80,3,3,4,2,21,20,8,2,false
42,Female,Married,BGC Regional Operations Hub (via EDSA/Kalayaan),GSS Operations Director (Head),120000.0,862.07,4.4,780.0,false,3,80,1,3,3,3,21,20,7,0,false
39,Male,Married,BGC Regional Operations Hub (via EDSA/Kalayaan),GSS Operations Director (Head),120000.0,862.07,4.4,780.0,true,3,80,1,3,4,3,21,21,9,11,false
39,Male,Married,BGC Regional Operations Hub (via EDSA/Kalayaan),GSS Operations Director (Head),250000.0,1149.43,4.4,780.0,false,2,80,4,3,1,3,21,21,9,13,false
39,Male,Divorced,Makati Corporate GSS Head Office (via Gil Puyat Ave),GSS Operations Director (Head),250000.0,1149.43,4.4,780.0,true,3,80,3,2,3,3,21,21,8,1,false
41,Male,Divorced,BGC Regional Operations Hub (via EDSA/Kalayaan),GSS Operations Director (Head),250000.0,1149.43,4.4,780.0,false,2,80,4,2,2,2,23,21,6,12,false
40,Male,Single,BGC Regional Operations Hub (via EDSA/Kalayaan),GSS Operations Director (Head),170000.0,862.07,4.4,780.0,true,3,80,4,3,4,3,21,21,7,7,false
40,Male,Single,BGC Regional Operations Hub (via EDSA/Kalayaan),GSS Operations Director (Head),200000.0,1149.43,4.4,780.0,false,3,80,2,2,2,2,21,21,8,12,false
42,Male,Married,Makati Corporate GSS Head Office (via Gil Puyat Ave),GSS Operations Director (Head),250000.0,1149.43,4.4,780.0,false,3,80,4,3,4,3,22,22,17,11,false
41,Male,Single,Makati Corporate GSS Head Office (via Gil Puyat Ave),GSS Operations Director (Head),150000.0,862.07,4.4,780.0,false,3,80,2,4,2,3,22,22,10,0,false
41,Male,Married,Makati Corporate GSS Head Office (via Gil Puyat Ave),GSS Operations Director (Head),250000.0,1149.43,4.4,780.0,false,2,80,3,4,2,3,22,22,7,2,false
42,Male,Married,Makati Corporate GSS Head Office (via Gil Puyat Ave),GSS Operations Director (Head),120000.0,862.07,4.4,780.0,false,3,80,1,4,4,3,23,22,6,13,false
44,Male,Married,Alabang Shared Services Data Center (via SLEX Southern Line),GSS Operations Director (Head),200000.0,1149.43,4.4,780.0,false,3,80,2,2,3,3,26,22,9,3,false
48,Female,Divorced,Alabang Shared Services Data Center (via SLEX Southern Line),GSS Operations Director (Head),170000.0,862.07,4.4,780.0,false,3,80,4,4,2,3,24,22,17,4,false
42,Male,Married,Makati Corporate GSS Head Office (via Gil Puyat Ave),GSS Operations Director (Head),250000.0,1149.43,4.4,780.0,false,3,80,3,1,1,2,24,22,6,4,false
45,Male,Married,Makati Corporate GSS Head Office (via Gil Puyat Ave),GSS Operations Director (Head),250000.0,1149.43,4.4,780.0,false,4,80,4,3,3,3,25,24,0,1,false
42,Male,Divorced,BGC Regional Operations Hub (via EDSA/Kalayaan),GSS Operations Director (Head),250000.0,1149.43,4.4,780.0,false,3,80,4,2,2,2,24,24,7,14,false
45,Female,Single,Makati Corporate GSS Head Office (via Gil Puyat Ave),GSS Operations Director (Head),200000.0,1149.43,4.4,780.0,true,1,80,2,1,1,3,26,24,10,1,true
53,Female,Married,Makati Corporate GSS Head Office (via Gil Puyat Ave),GSS Operations Director (Head),170000.0,862.07,4.4,780.0,false,2,80,4,1,3,3,31,25,8,3,false
43,Male,Married,Alabang Shared Services Data Center (via SLEX Southern Line),GSS Operations Director (Head),170000.0,862.07,4.4,780.0,true,3,80,4,3,4,4,25,25,12,4,false
44,Male,Divorced,Makati Corporate GSS Head Office (via Gil Puyat Ave),GSS Operations Director (Head),175000.0,1149.43,4.4,780.0,false,4,80,1,3,4,2,26,25,9,14,false
47,Female,Married,Makati Corporate GSS Head Office (via Gil Puyat Ave),GSS Operations Director (Head),170000.0,862.07,4.4,780.0,true,3,80,4,3,3,2,26,26,14,3,false
46,Female,Married,Makati Corporate GSS Head Office (via Gil Puyat Ave),GSS Operations Director (Head),120000.0,862.07,4.4,780.0,false,3,80,1,3,1,3,28,26,15,15,false
46,Male,Single,Makati Corporate GSS Head Office (via Gil Puyat Ave),GSS Operations Director (Head),120000.0,862.07,4.4,780.0,false,4,80,1,4,2,1,27,26,0,0,false
50,Male,Married,Alabang Shared Services Data Center (via SLEX Southern Line),GSS Operations Director (Head),170000.0,862.07,4.4,780.0,false,2,80,3,2,2,3,28,27,10,15,false
60,Female,Married,BGC Regional Operations Hub (via EDSA/Kalayaan),GSS Operations Director (Head),175000.0,1149.43,4.4,780.0,false,3,80,1,1,4,1,33,29,8,11,false
51,Male,Divorced,BGC Regional Operations Hub (via EDSA/Kalayaan),GSS Operations Director (Head),200000.0,1149.43,4.4,780.0,true,3,80,2,4,1,2,31,29,10,11,false
50,Male,Divorced,Makati Corporate GSS Head Office (via Gil Puyat Ave),GSS Operations Director (Head),120000.0,862.07,4.4,780.0,false,3,80,1,1,4,3,31,31,6,14,false
50,Male,Married,Makati Corporate GSS Head Office (via Gil Puyat Ave),GSS Operations Director (Head),200000.0,1149.43,4.4,780.0,false,3,80,2,1,3,3,32,32,5,10,false
52,Female,Married,Makati Corporate GSS Head Office (via Gil Puyat Ave),GSS Operations Director (Head),250000.0,1149.43,4.4,780.0,false,1,80,4,1,4,3,33,32,14,6,true
52,Male,Married,Makati Corporate GSS Head Office (via Gil Puyat Ave),GSS Operations Director (Head),250000.0,1149.43,4.4,780.0,false,2,80,3,3,1,3,34,33,18,11,false
52,Male,Single,Makati Corporate GSS Head Office (via Gil Puyat Ave),GSS Operations Director (Head),250000.0,1149.43,4.4,780.0,true,2,80,3,1,4,4,33,33,7,15,false
51,Male,Divorced,Alabang Shared Services Data Center (via SLEX Southern Line),GSS Operations Director (Head),150000.0,862.07,4.4,780.0,true,3,80,2,3,2,3,33,33,9,0,false
52,Male,Married,Makati Corporate GSS Head Office (via Gil Puyat Ave),GSS Operations Director (Head),120000.0,862.07,4.4,780.0,false,2,80,1,3,1,4,34,34,6,1,false
55,Male,Single,Makati Corporate GSS Head Office (via Gil Puyat Ave),GSS Operations Director (Head),175000.0,1149.43,4.4,780.0,true,3,80,1,4,3,3,37,36,10,4,false
55,Male,Married,Alabang Shared Services Data Center (via SLEX Southern Line),GSS Operations Director (Head),250000.0,1149.43,4.4,780.0,false,2,80,4,3,3,3,36,36,6,2,false
34,Female,Divorced,BGC Regional Operations Hub (via EDSA/Kalayaan),Specialized Shared Services Analyst,48000.0,275.86,4.4,780.0,false,3,80,1,2,3,3,7,0,0,0,false
30,Female,Single,Makati Corporate GSS Head Office (via Gil Puyat Ave),Specialized Shared Services Analyst,65000.0,373.56,4.4,780.0,true,2,80,4,3,2,2,12,0,0,0,false
51,Male,Married,BGC Regional Operations Hub (via EDSA/Kalayaan),Specialized Shared Services Analyst,65000.0,373.56,4.4,780.0,false,2,80,3,2,3,3,10,1,0,0,false
35,Male,Married,Alabang Shared Services Data Center (via SLEX Southern Line),Specialized Shared Services Analyst,65000.0,373.56,4.4,780.0,true,2,80,3,2,1,3,8,1,0,0,true
38,Male,Married,Makati Corporate GSS Head Office (via Gil Puyat Ave),Specialized Shared Services Analyst,65000.0,373.56,4.4,780.0,false,3,80,3,4,2,3,14,1,0,0,false
37,Male,Divorced,BGC Regional Operations Hub (via EDSA/Kalayaan),Shared Services Team Lead,90000.0,517.24,4.4,780.0,false,3,80,3,1,2,3,17,1,0,0,true
46,Female,Married,BGC Regional Operations Hub (via EDSA/Kalayaan),Specialized Shared Services Analyst,65000.0,373.56,4.4,780.0,false,3,80,3,3,3,4,7,1,0,0,false
37,Male,Single,BGC Regional Operations Hub (via EDSA/Kalayaan),Specialized Shared Services Analyst,55000.0,316.09,4.4,780.0,true,3,80,2,3,4,2,18,1,0,0,false
38,Female,Single,Makati Corporate GSS Head Office (via Gil Puyat Ave),Shared Services Team Lead,90000.0,517.24,4.4,780.0,true,3,80,3,3,4,4,10,1,0,0,false
43,Female,Divorced,BGC Regional Operations Hub (via EDSA/Kalayaan),Specialized Shared Services Analyst,55000.0,316.09,4.4,780.0,false,3,80,2,1,3,4,4,1,0,0,false
40,Female,Married,BGC Regional Operations Hub (via EDSA/Kalayaan),Specialized Shared Services Analyst,48000.0,275.86,4.4,780.0,true,3,80,1,2,2,3,18,1,0,0,false
32,Male,Single,Alabang Shared Services Data Center (via SLEX Southern Line),Specialized Shared Services Analyst,65000.0,373.56,4.4,780.0,false,2,80,4,4,2,3,8,1,0,0,false
27,Male,Married,Makati Corporate GSS Head Office (via Gil Puyat Ave),Specialized Shared Services Analyst,48000.0,275.86,4.4,780.0,false,2,80,1,3,3,3,6,2,2,2,false
22,Male,Married,Makati Corporate GSS Head Office (via Gil Puyat Ave),Specialized Shared Services Analyst,65000.0,373.56,4.4,780.0,false,2,80,4,4,1,1,4,2,2,2,false
41,Female,Single,BGC Regional Operations Hub (via EDSA/Kalayaan),Specialized Shared Services Analyst,65000.0,373.56,4.4,780.0,false,3,80,3,4,2,3,8,2,2,2,false
35,Male,Single,Alabang Shared Services Data Center (via SLEX Southern Line),Shared Services Team Lead,90000.0,517.24,4.4,780.0,false,3,80,4,3,3,3,10,2,2,2,false
44,Male,Single,Makati Corporate GSS Head Office (via Gil Puyat Ave),Shared Services Team Lead,90000.0,517.24,4.4,780.0,true,3,80,3,2,2,2,16,2,2,2,false
39,Female,Single,BGC Regional Operations Hub (via EDSA/Kalayaan),Shared Services Team Lead,75000.0,431.03,4.4,780.0,false,3,80,2,2,4,3,9,2,0,2,false
36,Male,Divorced,BGC Regional Operations Hub (via EDSA/Kalayaan),Specialized Shared Services Analyst,55000.0,316.09,4.4,780.0,false,3,80,2,2,4,3,7,3,2,0,false
45,Male,Married,BGC Regional Operations Hub (via EDSA/Kalayaan),Specialized Shared Services Analyst,65000.0,373.56,4.4,780.0,false,4,80,3,1,4,3,9,3,2,0,false
29,Male,Divorced,Alabang Shared Services Data Center (via SLEX Southern Line),Specialized Shared Services Analyst,65000.0,373.56,4.4,780.0,false,3,80,4,4,2,4,8,3,2,1,false
36,Male,Divorced,BGC Regional Operations Hub (via EDSA/Kalayaan),Specialized Shared Services Analyst,55000.0,316.09,4.4,780.0,true,2,80,2,2,3,3,13,3,2,0,false
22,Female,Married,Makati Corporate GSS Head Office (via Gil Puyat Ave),Specialized Shared Services Analyst,65000.0,373.56,4.4,780.0,true,3,80,3,2,1,4,4,3,2,0,true
27,Female,Married,Makati Corporate GSS Head Office (via Gil Puyat Ave),Specialized Shared Services Analyst,65000.0,373.56,4.4,780.0,false,3,80,4,1,2,3,4,3,2,2,false
55,Male,Married,Makati Corporate GSS Head Office (via Gil Puyat Ave),Shared Services Team Lead,75000.0,431.03,4.4,780.0,false,3,80,2,4,2,3,23,3,2,1,false
34,Male,Single,Makati Corporate GSS Head Office (via Gil Puyat Ave),Specialized Shared Services Analyst,65000.0,373.56,4.4,780.0,false,3,80,3,4,4,2,5,3,2,0,false
45,Male,Married,Alabang Shared Services Data Center (via SLEX Southern Line),Shared Services Team Lead,90000.0,517.24,4.4,780.0,true,3,80,4,2,4,4,10,3,1,1,false
36,Female,Married,BGC Regional Operations Hub (via EDSA/Kalayaan),Specialized Shared Services Analyst,65000.0,373.56,4.4,780.0,true,3,80,3,3,2,3,7,3,2,1,false
36,Female,Married,Makati Corporate GSS Head Office (via Gil Puyat Ave),Specialized Shared Services Analyst,65000.0,373.56,4.4,780.0,false,2,80,3,4,3,3,4,3,2,1,false
53,Female,Married,Makati Corporate GSS Head Office (via Gil Puyat Ave),GSS Operations Director (Head),170000.0,862.07,4.4,780.0,true,2,80,3,1,4,2,27,3,2,0,false
35,Female,Married,Alabang Shared Services Data Center (via SLEX Southern Line),Specialized Shared Services Analyst,55000.0,316.09,4.4,780.0,true,2,80,2,4,4,3,4,3,2,0,false
24,Female,Divorced,BGC Regional Operations Hub (via EDSA/Kalayaan),Specialized Shared Services Analyst,65000.0,373.56,4.4,780.0,false,4,80,3,1,4,2,5,4,2,1,false
51,Male,Single,BGC Regional Operations Hub (via EDSA/Kalayaan),Shared Services Team Lead,90000.0,517.24,4.4,780.0,false,1,80,4,1,4,3,18,4,2,0,true
53,Female,Divorced,BGC Regional Operations Hub (via EDSA/Kalayaan),Specialized Shared Services Analyst,48000.0,275.86,4.4,780.0,false,4,80,1,4,3,3,5,4,2,1,false
25,Female,Married,Makati Corporate GSS Head Office (via Gil Puyat Ave),Specialized Shared Services Analyst,65000.0,373.56,4.4,780.0,false,3,80,3,1,4,3,5,4,2,1,false
51,Male,Divorced,Makati Corporate GSS Head Office (via Gil Puyat Ave),Specialized Shared Services Analyst,55000.0,316.09,4.4,780.0,false,1,80,2,4,4,3,13,4,1,1,false
42,Female,Married,Makati Corporate GSS Head Office (via Gil Puyat Ave),Specialized Shared Services Analyst,65000.0,373.56,4.4,780.0,true,2,80,4,4,4,3,8,4,3,0,false
24,Female,Divorced,Alabang Shared Services Data Center (via SLEX Southern Line),Specialized Shared Services Analyst,65000.0,373.56,4.4,780.0,false,2,80,3,4,2,3,5,4,2,3,false
31,Female,Married,Makati Corporate GSS Head Office (via Gil Puyat Ave),Specialized Shared Services Analyst,48000.0,275.86,4.4,780.0,false,3,80,1,3,3,3,4,4,3,0,false
37,Male,Married,Alabang Shared Services Data Center (via SLEX Southern Line),Specialized Shared Services Analyst,65000.0,373.56,4.4,780.0,false,3,80,3,3,1,2,9,4,3,0,false
40,Female,Single,Alabang Shared Services Data Center (via SLEX Southern Line),Shared Services Team Lead,90000.0,517.24,4.4,780.0,true,3,80,4,3,4,2,18,4,2,3,false
36,Female,Divorced,Makati Corporate GSS Head Office (via Gil Puyat Ave),Specialized Shared Services Analyst,55000.0,316.09,4.4,780.0,false,3,80,2,4,2,3,18,4,2,0,false
34,Male,Married,Makati Corporate GSS Head Office (via Gil Puyat Ave),Specialized Shared Services Analyst,55000.0,316.09,4.4,780.0,false,3,80,2,1,3,3,5,5,2,1,false
42,Female,Divorced,Alabang Shared Services Data Center (via SLEX Southern Line),Specialized Shared Services Analyst,65000.0,373.56,4.4,780.0,false,3,80,3,3,2,3,11,5,3,0,false
31,Male,Married,Makati Corporate GSS Head Office (via Gil Puyat Ave),Specialized Shared Services Analyst,65000.0,373.56,4.4,780.0,false,1,80,3,3,4,3,6,5,4,1,false
41,Male,Single,BGC Regional Operations Hub (via EDSA/Kalayaan),Specialized Shared Services Analyst,55000.0,316.09,4.4,780.0,true,2,80,2,4,4,3,8,5,4,1,false
52,Male,Married,Makati Corporate GSS Head Office (via Gil Puyat Ave),Shared Services Team Lead,90000.0,517.24,4.4,780.0,true,2,80,3,4,3,3,28,5,4,0,false
30,Female,Single,Makati Corporate GSS Head Office (via Gil Puyat Ave),Specialized Shared Services Analyst,65000.0,373.56,4.4,780.0,false,1,80,4,3,3,3,11,5,4,0,false
47,Female,Divorced,Makati Corporate GSS Head Office (via Gil Puyat Ave),Specialized Shared Services Analyst,65000.0,373.56,4.4,780.0,false,3,80,4,1,3,3,20,5,0,0,false
54,Female,Divorced,Alabang Shared Services Data Center (via SLEX Southern Line),Specialized Shared Services Analyst,48000.0,275.86,4.4,780.0,true,3,80,1,4,2,3,9,5,3,1,false
59,Female,Single,Makati Corporate GSS Head Office (via Gil Puyat Ave),GSS Operations Director (Head),170000.0,862.07,4.4,780.0,true,2,80,4,3,1,3,30,5,3,4,false
54,Female,Divorced,Makati Corporate GSS Head Office (via Gil Puyat Ave),Shared Services Team Lead,90000.0,517.24,4.4,780.0,false,3,80,3,4,1,1,33,5,4,1,false
51,Female,Single,BGC Regional Operations Hub (via EDSA/Kalayaan),GSS Operations Director (Head),150000.0,862.07,4.4,780.0,false,2,80,2,4,2,2,29,5,2,0,false
52,Female,Married,Alabang Shared Services Data Center (via SLEX Southern Line),GSS Operations Director (Head),170000.0,862.07,4.4,780.0,true,4,80,3,4,2,2,24,5,3,0,false
33,Male,Single,Alabang Shared Services Data Center (via SLEX Southern Line),Specialized Shared Services Analyst,55000.0,316.09,4.4,780.0,false,2,80,2,4,4,3,5,5,3,0,false
38,Male,Married,Makati Corporate GSS Head Office (via Gil Puyat Ave),Specialized Shared Services Analyst,55000.0,316.09,4.4,780.0,false,3,80,2,3,1,3,7,5,2,1,true
28,Female,Divorced,Alabang Shared Services Data Center (via SLEX Southern Line),Specialized Shared Services Analyst,48000.0,275.86,4.4,780.0,false,1,80,1,2,2,2,6,5,3,0,false
38,Female,Married,Makati Corporate GSS Head Office (via Gil Puyat Ave),Shared Services Team Lead,90000.0,517.24,4.4,780.0,true,2,80,3,4,4,4,10,5,4,0,false
39,Male,Married,BGC Regional Operations Hub (via EDSA/Kalayaan),Specialized Shared Services Analyst,55000.0,316.09,4.4,780.0,false,3,80,2,4,3,3,7,5,4,1,false
31,Female,Single,Alabang Shared Services Data Center (via SLEX Southern Line),Specialized Shared Services Analyst,65000.0,373.56,4.4,780.0,false,3,80,4,4,4,2,9,5,4,1,false
54,Female,Single,BGC Regional Operations Hub (via EDSA/Kalayaan),Specialized Shared Services Analyst,48000.0,275.86,4.4,780.0,true,3,80,1,3,4,3,9,5,2,1,false
36,Male,Single,BGC Regional Operations Hub (via EDSA/Kalayaan),Specialized Shared Services Analyst,55000.0,316.09,4.4,780.0,false,2,80,2,2,3,3,6,6,5,0,false
56,Male,Single,BGC Regional Operations Hub (via EDSA/Kalayaan),Shared Services Team Lead,90000.0,517.24,4.4,780.0,false,1,80,4,4,1,2,37,6,4,0,false
26,Female,Divorced,Makati Corporate GSS Head Office (via Gil Puyat Ave),Specialized Shared Services Analyst,55000.0,316.09,4.4,780.0,false,3,80,2,3,1,1,6,6,5,1,false
37,Male,Divorced,Alabang Shared Services Data Center (via SLEX Southern Line),Specialized Shared Services Analyst,65000.0,373.56,4.4,780.0,false,3,80,4,4,3,2,8,6,2,0,false
37,Female,Single,Makati Corporate GSS Head Office (via Gil Puyat Ave),Shared Services Team Lead,90000.0,517.24,4.4,780.0,false,3,80,4,2,4,4,12,6,5,1,false
37,Female,Married,Makati Corporate GSS Head Office (via Gil Puyat Ave),Specialized Shared Services Analyst,55000.0,316.09,4.4,780.0,false,3,80,2,2,2,2,8,6,5,4,false
30,Male,Married,Alabang Shared Services Data Center (via SLEX Southern Line),Specialized Shared Services Analyst,48000.0,275.86,4.4,780.0,false,3,80,1,3,3,2,7,6,2,0,false
46,Male,Divorced,Makati Corporate GSS Head Office (via Gil Puyat Ave),Specialized Shared Services Analyst,65000.0,373.56,4.4,780.0,false,3,80,4,4,3,2,12,6,3,1,false
27,Male,Married,Makati Corporate GSS Head Office (via Gil Puyat Ave),Specialized Shared Services Analyst,55000.0,316.09,4.4,780.0,true,4,80,2,2,2,3,6,6,2,0,false
37,Male,Divorced,Makati Corporate GSS Head Office (via Gil Puyat Ave),Specialized Shared Services Analyst,65000.0,373.56,4.4,780.0,false,2,80,3,1,3,4,7,7,5,0,false
38,Male,Married,Alabang Shared Services Data Center (via SLEX Southern Line),Specialized Shared Services Analyst,65000.0,373.56,4.4,780.0,false,3,80,4,4,1,1,9,7,7,1,false
49,Male,Divorced,Alabang Shared Services Data Center (via SLEX Southern Line),Specialized Shared Services Analyst,65000.0,373.56,4.4,780.0,true,3,80,4,4,1,3,7,7,7,1,false
35,Male,Divorced,Makati Corporate GSS Head Office (via Gil Puyat Ave),Shared Services Team Lead,75000.0,431.03,4.4,780.0,false,2,80,2,3,2,4,15,7,7,6,false
36,Female,Divorced,Makati Corporate GSS Head Office (via Gil Puyat Ave),Shared Services Team Lead,72000.0,413.79,4.4,780.0,true,1,80,1,3,3,3,17,7,7,7,false
39,Male,Married,BGC Regional Operations Hub (via EDSA/Kalayaan),Specialized Shared Services Analyst,48000.0,275.86,4.4,780.0,false,3,80,1,2,4,3,10,7,7,7,false
25,Male,Divorced,Makati Corporate GSS Head Office (via Gil Puyat Ave),Specialized Shared Services Analyst,65000.0,373.56,4.4,780.0,false,4,80,3,4,3,3,7,7,7,0,false
35,Male,Married,Alabang Shared Services Data Center (via SLEX Southern Line),Specialized Shared Services Analyst,65000.0,373.56,4.4,780.0,false,3,80,3,4,2,3,17,7,7,0,false
35,Male,Divorced,Makati Corporate GSS Head Office (via Gil Puyat Ave),Specialized Shared Services Analyst,65000.0,373.56,4.4,780.0,false,3,80,4,2,3,3,15,7,7,1,false
30,Female,Single,BGC Regional Operations Hub (via EDSA/Kalayaan),Shared Services Team Lead,90000.0,517.24,4.4,780.0,false,3,80,3,1,2,3,9,7,7,0,false
35,Male,Single,BGC Regional Operations Hub (via EDSA/Kalayaan),Shared Services Team Lead,90000.0,517.24,4.4,780.0,false,3,80,3,3,2,4,17,8,5,1,false
32,Female,Married,Makati Corporate GSS Head Office (via Gil Puyat Ave),Specialized Shared Services Analyst,48000.0,275.86,4.4,780.0,false,3,80,1,3,3,4,8,8,7,6,false
46,Male,Divorced,BGC Regional Operations Hub (via EDSA/Kalayaan),Shared Services Team Lead,90000.0,517.24,4.4,780.0,false,3,80,3,4,2,3,13,8,7,0,false
26,Male,Married,Makati Corporate GSS Head Office (via Gil Puyat Ave),Specialized Shared Services Analyst,65000.0,373.56,4.4,780.0,false,4,80,4,4,2,3,8,8,7,1,false
43,Female,Married,Alabang Shared Services Data Center (via SLEX Southern Line),Shared Services Team Lead,72000.0,413.79,4.4,780.0,false,3,80,1,3,3,3,18,8,7,0,false
30,Female,Single,BGC Regional Operations Hub (via EDSA/Kalayaan),Specialized Shared Services Analyst,65000.0,373.56,4.4,780.0,true,3,80,3,3,3,3,10,8,4,1,false
39,Male,Single,Alabang Shared Services Data Center (via SLEX Southern Line),Specialized Shared Services Analyst,65000.0,373.56,4.4,780.0,false,3,80,3,1,1,3,9,8,7,1,false
28,Male,Married,Alabang Shared Services Data Center (via SLEX Southern Line),Specialized Shared Services Analyst,55000.0,316.09,4.4,780.0,false,1,80,2,3,2,2,8,8,6,1,false
38,Male,Married,BGC Regional Operations Hub (via EDSA/Kalayaan),Specialized Shared Services Analyst,65000.0,373.56,4.4,780.0,false,2,80,3,1,4,3,10,8,3,7,false
38,Male,Single,Alabang Shared Services Data Center (via SLEX Southern Line),Shared Services Team Lead,90000.0,517.24,4.4,780.0,false,2,80,3,4,2,3,10,9,7,1,false
32,Male,Married,Makati Corporate GSS Head Office (via Gil Puyat Ave),Specialized Shared Services Analyst,65000.0,373.56,4.4,780.0,true,3,80,4,1,2,3,9,9,8,7,false
27,Female,Married,Makati Corporate GSS Head Office (via Gil Puyat Ave),Shared Services Team Lead,72000.0,413.79,4.4,780.0,false,3,80,1,3,4,3,9,9,7,0,false
27,Male,Divorced,BGC Regional Operations Hub (via EDSA/Kalayaan),Shared Services Team Lead,72000.0,413.79,4.4,780.0,false,3,80,1,4,3,2,9,9,7,1,false
36,Female,Married,Makati Corporate GSS Head Office (via Gil Puyat Ave),Specialized Shared Services Analyst,55000.0,316.09,4.4,780.0,false,3,80,2,3,1,3,10,9,7,0,false
42,Male,Married,Alabang Shared Services Data Center (via SLEX Southern Line),Specialized Shared Services Analyst,55000.0,316.09,4.4,780.0,false,3,80,2,2,4,2,10,9,8,7,false
52,Female,Married,Alabang Shared Services Data Center (via SLEX Southern Line),GSS Operations Director (Head),170000.0,862.07,4.4,780.0,false,2,80,4,3,3,3,31,9,8,0,false
28,Female,Divorced,Makati Corporate GSS Head Office (via Gil Puyat Ave),Shared Services Team Lead,75000.0,431.03,4.4,780.0,false,3,80,2,4,2,2,10,9,7,1,false
59,Male,Single,Alabang Shared Services Data Center (via SLEX Southern Line),Shared Services Team Lead,90000.0,517.24,4.4,780.0,false,3,80,4,4,4,2,25,9,7,5,false
34,Male,Divorced,BGC Regional Operations Hub (via EDSA/Kalayaan),Specialized Shared Services Analyst,65000.0,373.56,4.4,780.0,false,4,80,4,3,1,3,9,9,7,7,false
39,Female,Single,Makati Corporate GSS Head Office (via Gil Puyat Ave),Specialized Shared Services Analyst,65000.0,373.56,4.4,780.0,false,3,80,3,1,4,1,10,9,2,3,false
46,Male,Divorced,Makati Corporate GSS Head Office (via Gil Puyat Ave),Shared Services Team Lead,90000.0,517.24,4.4,780.0,false,3,80,4,4,3,2,12,9,8,4,false
45,Female,Married,Alabang Shared Services Data Center (via SLEX Southern Line),Specialized Shared Services Analyst,65000.0,373.56,4.4,780.0,false,2,80,4,2,4,2,10,9,8,3,false
31,Male,Single,Alabang Shared Services Data Center (via SLEX Southern Line),Specialized Shared Services Analyst,48000.0,275.86,4.4,780.0,false,3,80,1,2,2,3,10,9,4,1,false
29,Female,Divorced,Alabang Shared Services Data Center (via SLEX Southern Line),Shared Services Team Lead,72000.0,413.79,4.4,780.0,false,4,80,1,2,3,3,10,10,9,8,false
29,Male,Married,Makati Corporate GSS Head Office (via Gil Puyat Ave),Specialized Shared Services Analyst,65000.0,373.56,4.4,780.0,false,3,80,3,4,1,3,10,10,7,0,false
34,Male,Married,Makati Corporate GSS Head Office (via Gil Puyat Ave),Specialized Shared Services Analyst,65000.0,373.56,4.4,780.0,false,2,80,3,4,3,2,10,10,9,1,false
31,Female,Married,BGC Regional Operations Hub (via EDSA/Kalayaan),Shared Services Team Lead,90000.0,517.24,4.4,780.0,false,2,80,3,3,1,3,10,10,9,8,false
46,Female,Divorced,Alabang Shared Services Data Center (via SLEX Southern Line),Specialized Shared Services Analyst,65000.0,373.56,4.4,780.0,false,3,80,3,3,3,2,19,10,7,0,false
42,Male,Married,Alabang Shared Services Data Center (via SLEX Southern Line),Shared Services Team Lead,72000.0,413.79,4.4,780.0,true,3,80,1,4,4,2,10,10,9,5,false
37,Male,Married,Makati Corporate GSS Head Office (via Gil Puyat Ave),Shared Services Team Lead,90000.0,517.24,4.4,780.0,false,3,80,3,3,3,3,10,10,7,7,false
54,Female,Married,Alabang Shared Services Data Center (via SLEX Southern Line),Shared Services Team Lead,90000.0,517.24,4.4,780.0,false,3,80,3,3,3,3,22,10,7,0,false
29,Male,Married,BGC Regional Operations Hub (via EDSA/Kalayaan),Specialized Shared Services Analyst,65000.0,373.56,4.4,780.0,true,2,80,4,2,3,2,10,10,7,1,false
58,Female,Married,BGC Regional Operations Hub (via EDSA/Kalayaan),Shared Services Team Lead,72000.0,413.79,4.4,780.0,true,2,80,1,3,4,2,31,10,9,5,true
48,Male,Single,Makati Corporate GSS Head Office (via Gil Puyat Ave),Shared Services Team Lead,90000.0,517.24,4.4,780.0,false,3,80,4,4,3,3,11,10,9,0,false
31,Male,Married,Alabang Shared Services Data Center (via SLEX Southern Line),Specialized Shared Services Analyst,65000.0,373.56,4.4,780.0,true,3,80,3,4,4,2,10,10,2,6,true
31,Female,Single,Makati Corporate GSS Head Office (via Gil Puyat Ave),Shared Services Team Lead,75000.0,431.03,4.4,780.0,false,4,80,2,3,1,3,10,10,8,4,true
45,Female,Divorced,Makati Corporate GSS Head Office (via Gil Puyat Ave),Specialized Shared Services Analyst,65000.0,373.56,4.4,780.0,false,2,80,4,4,1,3,10,10,7,3,false
37,Male,Single,BGC Regional Operations Hub (via EDSA/Kalayaan),Specialized Shared Services Analyst,48000.0,275.86,4.4,780.0,false,3,80,1,4,2,1,10,10,3,0,true
39,Male,Married,BGC Regional Operations Hub (via EDSA/Kalayaan),Specialized Shared Services Analyst,48000.0,275.86,4.4,780.0,false,3,80,1,1,4,3,10,10,0,7,false
31,Female,Single,BGC Regional Operations Hub (via EDSA/Kalayaan),Specialized Shared Services Analyst,65000.0,373.56,4.4,780.0,false,3,80,4,3,4,3,11,11,7,1,false
30,Male,Single,Makati Corporate GSS Head Office (via Gil Puyat Ave),Shared Services Team Lead,90000.0,517.24,4.4,780.0,false,2,80,3,3,3,3,12,11,8,5,false
34,Male,Married,Makati Corporate GSS Head Office (via Gil Puyat Ave),Specialized Shared Services Analyst,48000.0,275.86,4.4,780.0,false,2,80,1,4,2,3,13,11,9,5,false
31,Female,Single,BGC Regional Operations Hub (via EDSA/Kalayaan),Shared Services Team Lead,90000.0,517.24,4.4,780.0,true,3,80,4,3,3,2,11,11,9,4,false
36,Male,Single,Alabang Shared Services Data Center (via SLEX Southern Line),Specialized Shared Services Analyst,65000.0,373.56,4.4,780.0,false,3,80,4,1,1,3,18,11,9,0,false
50,Male,Married,Alabang Shared Services Data Center (via SLEX Southern Line),GSS Operations Director (Head),170000.0,862.07,4.4,780.0,true,3,80,3,4,4,3,22,12,11,1,false
31,Female,Married,BGC Regional Operations Hub (via EDSA/Kalayaan),Specialized Shared Services Analyst,48000.0,275.86,4.4,780.0,false,3,80,1,2,2,1,13,13,10,3,false
31,Male,Divorced,BGC Regional Operations Hub (via EDSA/Kalayaan),Shared Services Team Lead,75000.0,431.03,4.4,780.0,false,3,80,2,3,4,4,13,13,8,0,false
35,Male,Married,Alabang Shared Services Data Center (via SLEX Southern Line),Shared Services Team Lead,75000.0,431.03,4.4,780.0,false,2,80,2,4,1,3,16,13,10,4,false
32,Female,Married,Makati Corporate GSS Head Office (via Gil Puyat Ave),Specialized Shared Services Analyst,65000.0,373.56,4.4,780.0,false,2,80,3,3,3,3,14,14,13,6,false
36,Female,Single,BGC Regional Operations Hub (via EDSA/Kalayaan),Shared Services Team Lead,90000.0,517.24,4.4,780.0,false,2,80,4,4,2,2,15,14,8,7,false
37,Female,Married,Makati Corporate GSS Head Office (via Gil Puyat Ave),Specialized Shared Services Analyst,65000.0,373.56,4.4,780.0,false,2,80,4,4,2,2,14,14,8,3,false
49,Female,Married,Alabang Shared Services Data Center (via SLEX Southern Line),Specialized Shared Services Analyst,48000.0,275.86,4.4,780.0,false,3,80,1,3,3,2,16,15,11,5,false
38,Female,Single,Makati Corporate GSS Head Office (via Gil Puyat Ave),Specialized Shared Services Analyst,48000.0,275.86,4.4,780.0,true,4,80,1,1,4,3,17,15,7,4,false
35,Male,Single,Alabang Shared Services Data Center (via SLEX Southern Line),Shared Services Team Lead,75000.0,431.03,4.4,780.0,false,3,80,2,3,4,3,17,16,6,0,false
36,Female,Single,Makati Corporate GSS Head Office (via Gil Puyat Ave),Specialized Shared Services Analyst,55000.0,316.09,4.4,780.0,true,3,80,2,3,4,3,18,16,14,5,false
35,Female,Married,BGC Regional Operations Hub (via EDSA/Kalayaan),Shared Services Team Lead,90000.0,517.24,4.4,780.0,true,2,80,3,4,2,3,17,17,14,5,false
40,Female,Married,BGC Regional Operations Hub (via EDSA/Kalayaan),Shared Services Team Lead,90000.0,517.24,4.4,780.0,false,2,80,3,1,4,3,18,18,15,14,false
47,Male,Divorced,Alabang Shared Services Data Center (via SLEX Southern Line),Specialized Shared Services Analyst,65000.0,373.56,4.4,780.0,true,4,80,3,3,3,4,20,19,10,2,false
56,Male,Married,Alabang Shared Services Data Center (via SLEX Southern Line),GSS Operations Director (Head),150000.0,862.07,4.4,780.0,true,3,80,2,4,1,3,33,19,16,15,false
40,Female,Single,BGC Regional Operations Hub (via EDSA/Kalayaan),GSS Operations Director (Head),170000.0,862.07,4.4,780.0,false,3,80,3,2,3,3,22,20,6,5,false
41,Female,Married,Alabang Shared Services Data Center (via SLEX Southern Line),GSS Operations Director (Head),150000.0,862.07,4.4,780.0,false,2,80,2,1,3,3,21,20,7,0,false
39,Female,Married,Makati Corporate GSS Head Office (via Gil Puyat Ave),GSS Operations Director (Head),170000.0,862.07,4.4,780.0,false,2,80,4,4,3,3,21,21,6,11,false
39,Female,Single,Alabang Shared Services Data Center (via SLEX Southern Line),Shared Services Team Lead,72000.0,413.79,4.4,780.0,true,3,80,1,4,3,3,21,21,6,2,false
47,Female,Divorced,Makati Corporate GSS Head Office (via Gil Puyat Ave),Shared Services Team Lead,75000.0,431.03,4.4,780.0,true,2,80,2,3,3,3,28,22,11,14,false
53,Female,Married,Makati Corporate GSS Head Office (via Gil Puyat Ave),Shared Services Team Lead,90000.0,517.24,4.4,780.0,false,2,80,4,3,2,3,34,33,7,1,true
45,Male,Married,BGC Regional Operations Hub (via EDSA/Kalayaan),Subject Matter Expert (SME),72000.0,413.79,4.4,780.0,true,3,80,1,4,2,4,17,0,0,0,false
42,Female,Single,Alabang Shared Services Data Center (via SLEX Southern Line),GSS Operations Director (Head),170000.0,862.07,4.4,780.0,false,3,80,4,1,2,3,16,1,0,0,false
43,Male,Divorced,BGC Regional Operations Hub (via EDSA/Kalayaan),GSS Operations Director (Head),170000.0,862.07,4.4,780.0,true,2,80,4,2,3,2,21,1,0,0,false
42,Female,Married,Alabang Shared Services Data Center (via SLEX Southern Line),Subject Matter Expert (SME),72000.0,413.79,4.4,780.0,true,3,80,1,1,3,3,20,1,0,0,false
48,Male,Single,Makati Corporate GSS Head Office (via Gil Puyat Ave),GSS Operations Director (Head),250000.0,1149.43,4.4,780.0,false,2,80,4,4,3,4,25,1,0,0,false
55,Male,Married,Makati Corporate GSS Head Office (via Gil Puyat Ave),GSS Operations Director (Head),175000.0,1149.43,4.4,780.0,false,2,80,1,3,2,3,34,1,0,0,false
31,Male,Divorced,Makati Corporate GSS Head Office (via Gil Puyat Ave),Subject Matter Expert (SME),90000.0,517.24,4.4,780.0,false,3,80,3,2,1,3,9,2,2,2,false
46,Male,Divorced,Makati Corporate GSS Head Office (via Gil Puyat Ave),GSS Operations Director (Head),250000.0,1149.43,4.4,780.0,false,3,80,4,4,4,3,23,2,2,2,false
46,Male,Divorced,Makati Corporate GSS Head Office (via Gil Puyat Ave),GSS Operations Director (Head),250000.0,1149.43,4.4,780.0,true,3,80,4,3,3,3,24,2,1,2,false
58,Male,Married,BGC Regional Operations Hub (via EDSA/Kalayaan),GSS Operations Director (Head),170000.0,862.07,4.4,780.0,true,3,80,3,1,2,3,23,2,2,2,false
49,Female,Single,BGC Regional Operations Hub (via EDSA/Kalayaan),GSS Operations Director (Head),175000.0,1149.43,4.4,780.0,true,3,80,1,3,4,3,22,3,2,1,false
47,Male,Married,Alabang Shared Services Data Center (via SLEX Southern Line),GSS Operations Director (Head),250000.0,1149.43,4.4,780.0,false,3,80,3,4,2,3,21,3,2,1,false
46,Male,Married,Makati Corporate GSS Head Office (via Gil Puyat Ave),GSS Operations Director (Head),170000.0,862.07,4.4,780.0,false,3,80,3,1,3,1,26,3,2,0,false
50,Female,Married,Alabang Shared Services Data Center (via SLEX Southern Line),GSS Operations Director (Head),120000.0,862.07,4.4,780.0,true,3,80,1,4,2,3,25,3,2,1,false
31,Female,Single,BGC Regional Operations Hub (via EDSA/Kalayaan),GSS Operations Director (Head),150000.0,862.07,4.4,780.0,false,3,80,2,1,3,4,9,3,2,1,false
54,Female,Married,Makati Corporate GSS Head Office (via Gil Puyat Ave),Subject Matter Expert (SME),90000.0,517.24,4.4,780.0,false,3,80,3,1,1,1,16,4,3,0,false
54,Male,Married,Alabang Shared Services Data Center (via SLEX Southern Line),GSS Operations Director (Head),175000.0,1149.43,4.4,780.0,false,3,80,1,1,3,2,24,4,2,1,false
50,Male,Married,Makati Corporate GSS Head Office (via Gil Puyat Ave),GSS Operations Director (Head),170000.0,862.07,4.4,780.0,false,3,80,3,3,4,3,30,4,3,0,false
43,Male,Married,BGC Regional Operations Hub (via EDSA/Kalayaan),GSS Operations Director (Head),120000.0,862.07,4.4,780.0,false,3,80,1,2,3,3,22,4,1,1,false
46,Male,Married,BGC Regional Operations Hub (via EDSA/Kalayaan),GSS Operations Director (Head),200000.0,1149.43,4.4,780.0,false,3,80,2,4,1,3,25,4,2,0,false
49,Female,Married,Alabang Shared Services Data Center (via SLEX Southern Line),GSS Operations Director (Head),150000.0,862.07,4.4,780.0,false,3,80,2,1,2,3,27,4,2,1,false
39,Male,Single,BGC Regional Operations Hub (via EDSA/Kalayaan),Subject Matter Expert (SME),90000.0,517.24,4.4,780.0,false,3,80,3,3,3,3,9,4,3,2,false
37,Male,Single,BGC Regional Operations Hub (via EDSA/Kalayaan),Subject Matter Expert (SME),90000.0,517.24,4.4,780.0,false,3,80,3,1,1,4,16,5,2,0,false
37,Female,Divorced,Makati Corporate GSS Head Office (via Gil Puyat Ave),Subject Matter Expert (SME),90000.0,517.24,4.4,780.0,true,3,80,4,1,1,3,15,5,2,0,false
53,Male,Married,Makati Corporate GSS Head Office (via Gil Puyat Ave),GSS Operations Director (Head),170000.0,862.07,4.4,780.0,true,3,80,3,3,4,2,21,5,3,1,false
53,Male,Married,BGC Regional Operations Hub (via EDSA/Kalayaan),GSS Operations Director (Head),170000.0,862.07,4.4,780.0,false,4,80,3,3,3,3,32,5,1,1,false
50,Male,Divorced,Makati Corporate GSS Head Office (via Gil Puyat Ave),GSS Operations Director (Head),170000.0,862.07,4.4,780.0,false,3,80,4,4,3,2,32,5,4,1,false
49,Male,Married,Makati Corporate GSS Head Office (via Gil Puyat Ave),GSS Operations Director (Head),250000.0,1149.43,4.4,780.0,false,3,80,4,2,4,3,28,5,4,4,false
33,Female,Divorced,Makati Corporate GSS Head Office (via Gil Puyat Ave),GSS Operations Director (Head),170000.0,862.07,4.4,780.0,false,4,80,3,1,3,3,10,6,1,0,false
32,Female,Single,Makati Corporate GSS Head Office (via Gil Puyat Ave),Subject Matter Expert (SME),90000.0,517.24,4.4,780.0,false,3,80,4,3,4,3,10,7,7,7,false
29,Female,Divorced,Makati Corporate GSS Head Office (via Gil Puyat Ave),GSS Operations Director (Head),170000.0,862.07,4.4,780.0,false,2,80,4,4,2,2,9,7,7,1,false
55,Male,Divorced,Makati Corporate GSS Head Office (via Gil Puyat Ave),GSS Operations Director (Head),170000.0,862.07,4.4,780.0,false,4,80,4,2,4,4,31,7,7,0,false
50,Female,Married,Makati Corporate GSS Head Office (via Gil Puyat Ave),GSS Operations Director (Head),200000.0,1149.43,4.4,780.0,true,3,80,2,1,1,2,28,8,3,0,false
36,Female,Married,BGC Regional Operations Hub (via EDSA/Kalayaan),Subject Matter Expert (SME),72000.0,413.79,4.4,780.0,false,4,80,1,1,1,3,10,8,7,0,false
30,Female,Married,BGC Regional Operations Hub (via EDSA/Kalayaan),Subject Matter Expert (SME),72000.0,413.79,4.4,780.0,true,4,80,1,2,3,2,9,8,7,1,false
50,Male,Married,Makati Corporate GSS Head Office (via Gil Puyat Ave),GSS Operations Director (Head),250000.0,1149.43,4.4,780.0,true,3,80,3,2,4,2,29,8,1,7,false
43,Male,Married,Makati Corporate GSS Head Office (via Gil Puyat Ave),GSS Operations Director (Head),250000.0,1149.43,4.4,780.0,false,1,80,4,3,2,3,25,8,7,0,false
27,Male,Divorced,Alabang Shared Services Data Center (via SLEX Southern Line),Subject Matter Expert (SME),90000.0,517.24,4.4,780.0,true,2,80,4,3,2,3,9,9,8,0,false
58,Female,Married,Makati Corporate GSS Head Office (via Gil Puyat Ave),GSS Operations Director (Head),175000.0,1149.43,4.4,780.0,true,3,80,1,4,3,3,32,9,8,1,false
40,Male,Divorced,BGC Regional Operations Hub (via EDSA/Kalayaan),Subject Matter Expert (SME),75000.0,431.03,4.4,780.0,false,2,80,2,4,3,3,16,9,8,4,false
53,Male,Single,Makati Corporate GSS Head Office (via Gil Puyat Ave),GSS Operations Director (Head),150000.0,862.07,4.4,780.0,false,4,80,2,4,2,2,35,9,8,8,false
51,Male,Married,BGC Regional Operations Hub (via EDSA/Kalayaan),Subject Matter Expert (SME),75000.0,431.03,4.4,780.0,false,2,80,2,2,4,1,16,10,9,4,false
37,Male,Divorced,BGC Regional Operations Hub (via EDSA/Kalayaan),Subject Matter Expert (SME),90000.0,517.24,4.4,780.0,true,3,80,4,2,3,3,10,10,8,0,false
50,Male,Divorced,Makati Corporate GSS Head Office (via Gil Puyat Ave),GSS Operations Director (Head),200000.0,1149.43,4.4,780.0,false,3,80,2,1,1,2,28,10,4,1,false
38,Female,Married,Alabang Shared Services Data Center (via SLEX Southern Line),Subject Matter Expert (SME),75000.0,431.03,4.4,780.0,false,2,80,2,1,3,3,19,10,8,0,false
29,Male,Married,Makati Corporate GSS Head Office (via Gil Puyat Ave),Subject Matter Expert (SME),90000.0,517.24,4.4,780.0,false,2,80,3,2,3,3,10,10,2,0,false
54,Male,Married,Makati Corporate GSS Head Office (via Gil Puyat Ave),GSS Operations Director (Head),170000.0,862.07,4.4,780.0,false,3,80,4,4,1,3,36,10,9,0,false
38,Male,Divorced,BGC Regional Operations Hub (via EDSA/Kalayaan),Subject Matter Expert (SME),90000.0,517.24,4.4,780.0,true,2,80,4,3,2,3,12,11,10,2,false
31,Female,Married,BGC Regional Operations Hub (via EDSA/Kalayaan),Subject Matter Expert (SME),90000.0,517.24,4.4,780.0,false,3,80,3,3,3,4,13,11,7,4,false
34,Female,Single,BGC Regional Operations Hub (via EDSA/Kalayaan),Subject Matter Expert (SME),75000.0,431.03,4.4,780.0,false,3,80,2,1,3,3,13,12,6,2,false
53,Female,Single,Alabang Shared Services Data Center (via SLEX Southern Line),GSS Operations Director (Head),170000.0,862.07,4.4,780.0,false,3,80,4,4,3,3,33,12,9,3,false
33,Male,Married,BGC Regional Operations Hub (via EDSA/Kalayaan),Subject Matter Expert (SME),90000.0,517.24,4.4,780.0,false,3,80,3,3,4,4,14,13,9,3,false
42,Male,Married,BGC Regional Operations Hub (via EDSA/Kalayaan),Subject Matter Expert (SME),72000.0,413.79,4.4,780.0,false,3,80,1,3,2,4,18,13,7,5,false
47,Female,Married,Makati Corporate GSS Head Office (via Gil Puyat Ave),Subject Matter Expert (SME),75000.0,431.03,4.4,780.0,false,3,80,2,3,1,1,14,13,8,5,false
34,Male,Divorced,BGC Regional Operations Hub (via EDSA/Kalayaan),GSS Operations Director (Head),120000.0,862.07,4.4,780.0,false,3,80,1,2,4,2,16,14,8,6,false
50,Female,Divorced,Alabang Shared Services Data Center (via SLEX Southern Line),Subject Matter Expert (SME),72000.0,413.79,4.4,780.0,false,2,80,1,4,3,3,19,14,11,1,false
43,Male,Married,BGC Regional Operations Hub (via EDSA/Kalayaan),GSS Operations Director (Head),170000.0,862.07,4.4,780.0,false,2,80,3,3,1,3,14,14,10,6,false
33,Female,Single,Makati Corporate GSS Head Office (via Gil Puyat Ave),Subject Matter Expert (SME),90000.0,517.24,4.4,780.0,true,3,80,4,1,3,3,15,15,14,8,false
38,Female,Married,Makati Corporate GSS Head Office (via Gil Puyat Ave),Subject Matter Expert (SME),72000.0,413.79,4.4,780.0,false,3,80,1,4,2,3,15,15,12,5,false
37,Female,Married,BGC Regional Operations Hub (via EDSA/Kalayaan),Subject Matter Expert (SME),90000.0,517.24,4.4,780.0,true,4,80,4,3,1,3,16,16,11,6,false
41,Male,Divorced,BGC Regional Operations Hub (via EDSA/Kalayaan),GSS Operations Director (Head),250000.0,1149.43,4.4,780.0,false,3,80,3,1,2,4,21,18,16,0,false
40,Female,Single,BGC Regional Operations Hub (via EDSA/Kalayaan),Subject Matter Expert (SME),90000.0,517.24,4.4,780.0,false,3,80,3,2,3,2,20,18,7,2,false
38,Female,Married,BGC Regional Operations Hub (via EDSA/Kalayaan),Subject Matter Expert (SME),90000.0,517.24,4.4,780.0,false,1,80,3,2,1,3,20,18,16,1,false
51,Male,Single,BGC Regional Operations Hub (via EDSA/Kalayaan),GSS Operations Director (Head),250000.0,1149.43,4.4,780.0,false,3,80,3,1,3,3,23,20,18,15,false
40,Male,Single,BGC Regional Operations Hub (via EDSA/Kalayaan),GSS Operations Director (Head),250000.0,1149.43,4.4,780.0,false,2,80,3,3,1,4,21,20,7,4,false
54,Female,Single,Makati Corporate GSS Head Office (via Gil Puyat Ave),GSS Operations Director (Head),170000.0,862.07,4.4,780.0,false,3,80,4,4,4,2,29,20,7,12,false
47,Female,Married,Makati Corporate GSS Head Office (via Gil Puyat Ave),GSS Operations Director (Head),170000.0,862.07,4.4,780.0,false,3,80,3,1,2,4,26,20,17,5,false
44,Male,Married,Alabang Shared Services Data Center (via SLEX Southern Line),GSS Operations Director (Head),120000.0,862.07,4.4,780.0,false,3,80,1,4,3,4,24,20,6,14,false
40,Male,Divorced,Makati Corporate GSS Head Office (via Gil Puyat Ave),GSS Operations Director (Head),250000.0,1149.43,4.4,780.0,false,3,80,3,1,4,3,22,21,7,3,false
41,Female,Divorced,BGC Regional Operations Hub (via EDSA/Kalayaan),GSS Operations Director (Head),250000.0,1149.43,4.4,780.0,false,1,80,3,2,2,3,21,21,16,5,false
45,Female,Single,Alabang Shared Services Data Center (via SLEX Southern Line),GSS Operations Director (Head),150000.0,862.07,4.4,780.0,false,2,80,2,4,3,3,21,21,6,8,false
41,Female,Married,BGC Regional Operations Hub (via EDSA/Kalayaan),GSS Operations Director (Head),250000.0,1149.43,4.4,780.0,false,3,80,3,2,4,3,23,22,15,15,true
44,Female,Divorced,BGC Regional Operations Hub (via EDSA/Kalayaan),GSS Operations Director (Head),250000.0,1149.43,4.4,780.0,true,3,80,4,2,4,2,23,22,7,1,false
48,Male,Married,BGC Regional Operations Hub (via EDSA/Kalayaan),GSS Operations Director (Head),200000.0,1149.43,4.4,780.0,false,2,80,2,4,4,3,29,22,10,12,false
55,Male,Single,BGC Regional Operations Hub (via EDSA/Kalayaan),GSS Operations Director (Head),200000.0,1149.43,4.4,780.0,false,4,80,2,3,4,3,36,24,15,2,false
43,Male,Divorced,BGC Regional Operations Hub (via EDSA/Kalayaan),GSS Operations Director (Head),150000.0,862.07,4.4,780.0,false,2,80,2,1,3,3,25,25,10,3,false
50,Female,Divorced,BGC Regional Operations Hub (via EDSA/Kalayaan),GSS Operations Director (Head),250000.0,1149.43,4.4,780.0,true,2,80,3,2,4,2,29,27,3,13,false
49,Male,Divorced,Alabang Shared Services Data Center (via SLEX Southern Line),GSS Operations Director (Head),250000.0,1149.43,4.4,780.0,true,2,80,3,4,3,3,31,31,9,0,false
58,Male,Single,Makati Corporate GSS Head Office (via Gil Puyat Ave),GSS Operations Director (Head),200000.0,1149.43,4.4,780.0,true,3,80,2,4,4,3,40,31,15,13,true
50,Male,Single,Alabang Shared Services Data Center (via SLEX Southern Line),GSS Operations Director (Head),170000.0,862.07,4.4,780.0,true,1,80,4,3,4,3,32,32,6,13,false
21,Male,Single,BGC Regional Operations Hub (via EDSA/Kalayaan),Contracts & Benefits Officer (HR Admin I),40000.0,229.89,4.4,780.0,false,3,80,4,3,4,3,0,0,0,0,false
38,Female,Single,Makati Corporate GSS Head Office (via Gil Puyat Ave),Contracts & Benefits Officer (HR Admin I),32000.0,183.91,4.4,780.0,false,3,80,1,3,4,2,8,0,0,0,false
27,Male,Married,Makati Corporate GSS Head Office (via Gil Puyat Ave),Contracts & Benefits Officer (HR Admin I),40000.0,229.89,4.4,780.0,false,3,80,4,4,3,2,0,0,0,0,false
48,Male,Married,Alabang Shared Services Data Center (via SLEX Southern Line),Contracts & Benefits Officer (HR Admin I),40000.0,229.89,4.4,780.0,false,3,80,3,4,1,2,13,0,0,0,false
29,Female,Single,BGC Regional Operations Hub (via EDSA/Kalayaan),Global Mobility Officer (HR Admin I),32000.0,183.91,4.4,780.0,true,2,80,1,4,3,3,3,0,0,0,true
18,Male,Single,Alabang Shared Services Data Center (via SLEX Southern Line),Contracts & Benefits Officer (HR Admin I),40000.0,229.89,4.4,780.0,false,3,80,4,2,4,3,0,0,0,0,false
34,Male,Married,Makati Corporate GSS Head Office (via Gil Puyat Ave),Contracts & Benefits Officer (HR Admin I),40000.0,229.89,4.4,780.0,false,2,80,4,3,4,3,6,0,0,0,false
22,Male,Married,Makati Corporate GSS Head Office (via Gil Puyat Ave),Contracts & Benefits Officer (HR Admin I),40000.0,229.89,4.4,780.0,true,2,80,4,3,2,3,1,0,0,0,true
44,Male,Single,Alabang Shared Services Data Center (via SLEX Southern Line),Contracts & Benefits Officer (HR Admin I),40000.0,229.89,4.4,780.0,false,1,80,3,4,4,3,6,0,0,0,false
18,Female,Single,BGC Regional Operations Hub (via EDSA/Kalayaan),Contracts & Benefits Officer (HR Admin I),40000.0,229.89,4.4,780.0,false,3,80,3,2,3,1,0,0,0,0,false
36,Female,Married,Alabang Shared Services Data Center (via SLEX Southern Line),Contracts & Benefits Officer (HR Admin I),32000.0,183.91,4.4,780.0,true,2,80,1,2,4,4,6,1,1,0,false
37,Male,Married,Alabang Shared Services Data Center (via SLEX Southern Line),Global Mobility Officer (HR Admin I),35000.0,201.15,4.4,780.0,false,3,80,2,2,1,3,8,1,0,0,false
45,Male,Divorced,BGC Regional Operations Hub (via EDSA/Kalayaan),Shared Services Team Lead,72000.0,413.79,4.4,780.0,false,3,80,1,2,3,3,25,1,0,0,false
36,Male,Married,BGC Regional Operations Hub (via EDSA/Kalayaan),Contracts & Benefits Officer (HR Admin I),40000.0,229.89,4.4,780.0,true,2,80,3,4,1,2,2,1,0,0,true
31,Male,Single,Makati Corporate GSS Head Office (via Gil Puyat Ave),Contracts & Benefits Officer (HR Admin I),35000.0,201.15,4.4,780.0,false,3,80,2,3,2,3,1,1,1,1,false
32,Male,Single,Makati Corporate GSS Head Office (via Gil Puyat Ave),Contracts & Benefits Officer (HR Admin I),32000.0,183.91,4.4,780.0,false,3,80,1,4,4,3,1,1,0,0,false
34,Female,Divorced,BGC Regional Operations Hub (via EDSA/Kalayaan),Employee Lifecycle Services Specialist (HR Admin II),55000.0,316.09,4.4,780.0,false,2,80,2,3,3,3,12,1,0,0,false
58,Female,Married,BGC Regional Operations Hub (via EDSA/Kalayaan),Global Mobility Officer (HR Admin I),35000.0,201.15,4.4,780.0,true,2,80,2,2,2,2,9,1,0,0,false
27,Male,Divorced,Makati Corporate GSS Head Office (via Gil Puyat Ave),Contracts & Benefits Officer (HR Admin I),40000.0,229.89,4.4,780.0,true,2,80,3,3,4,2,1,1,1,0,false
59,Male,Married,Makati Corporate GSS Head Office (via Gil Puyat Ave),Contracts & Benefits Officer (HR Admin I),40000.0,229.89,4.4,780.0,false,2,80,4,3,1,3,7,1,0,0,false
41,Male,Divorced,Alabang Shared Services Data Center (via SLEX Southern Line),Employee Lifecycle Services Specialist (HR Admin II),48000.0,275.86,4.4,780.0,false,3,80,1,3,1,2,17,1,0,0,false
51,Male,Married,Makati Corporate GSS Head Office (via Gil Puyat Ave),Contracts & Benefits Officer (HR Admin I),40000.0,229.89,4.4,780.0,false,3,80,4,3,2,2,1,1,0,0,false
30,Male,Single,Makati Corporate GSS Head Office (via Gil Puyat Ave),Global Mobility Officer (HR Admin I),40000.0,229.89,4.4,780.0,true,3,80,4,3,3,3,3,1,0,0,true
20,Female,Single,Makati Corporate GSS Head Office (via Gil Puyat Ave),Contracts & Benefits Officer (HR Admin I),35000.0,201.15,4.4,780.0,false,2,80,2,4,4,4,1,1,0,0,false
30,Female,Divorced,Makati Corporate GSS Head Office (via Gil Puyat Ave),Global Mobility Officer (HR Admin I),40000.0,229.89,4.4,780.0,false,3,80,3,3,3,3,1,1,0,0,false
20,Male,Single,BGC Regional Operations Hub (via EDSA/Kalayaan),Contracts & Benefits Officer (HR Admin I),40000.0,229.89,4.4,780.0,true,3,80,3,4,4,3,1,1,0,1,true
37,Male,Single,BGC Regional Operations Hub (via EDSA/Kalayaan),Contracts & Benefits Officer (HR Admin I),40000.0,229.89,4.4,780.0,false,4,80,4,4,1,3,4,1,0,0,false
38,Male,Married,Makati Corporate GSS Head Office (via Gil Puyat Ave),Contracts & Benefits Officer (HR Admin I),40000.0,229.89,4.4,780.0,true,3,80,3,4,2,1,6,1,0,0,false
45,Female,Single,Makati Corporate GSS Head Office (via Gil Puyat Ave),Contracts & Benefits Officer (HR Admin I),40000.0,229.89,4.4,780.0,false,2,80,3,2,4,3,1,1,0,0,false
21,Female,Single,Alabang Shared Services Data Center (via SLEX Southern Line),Contracts & Benefits Officer (HR Admin I),40000.0,229.89,4.4,780.0,false,3,80,4,4,1,2,1,1,0,0,true
27,Female,Single,Makati Corporate GSS Head Office (via Gil Puyat Ave),Contracts & Benefits Officer (HR Admin I),40000.0,229.89,4.4,780.0,false,3,80,3,2,3,3,1,1,1,0,false
40,Male,Divorced,BGC Regional Operations Hub (via EDSA/Kalayaan),Contracts & Benefits Officer (HR Admin I),35000.0,201.15,4.4,780.0,true,3,80,2,4,4,3,3,1,1,0,false
58,Male,Single,Makati Corporate GSS Head Office (via Gil Puyat Ave),Global Mobility Officer (HR Admin I),40000.0,229.89,4.4,780.0,false,3,80,3,4,1,3,7,1,0,0,true
20,Female,Single,BGC Regional Operations Hub (via EDSA/Kalayaan),Contracts & Benefits Officer (HR Admin I),32000.0,183.91,4.4,780.0,true,2,80,1,4,1,3,1,1,0,0,true
40,Female,Married,Alabang Shared Services Data Center (via SLEX Southern Line),Employee Lifecycle Services Specialist (HR Admin II),65000.0,373.56,4.4,780.0,true,2,80,4,3,4,1,16,1,1,0,false
19,Male,Single,BGC Regional Operations Hub (via EDSA/Kalayaan),Global Mobility Officer (HR Admin I),32000.0,183.91,4.4,780.0,false,3,80,1,3,3,3,1,1,1,0,false
41,Male,Divorced,Alabang Shared Services Data Center (via SLEX Southern Line),Contracts & Benefits Officer (HR Admin I),32000.0,183.91,4.4,780.0,false,2,80,1,1,1,1,5,1,0,0,true
19,Female,Single,BGC Regional Operations Hub (via EDSA/Kalayaan),Global Mobility Officer (HR Admin I),35000.0,201.15,4.4,780.0,true,2,80,2,1,2,4,1,1,1,0,true
34,Female,Married,Alabang Shared Services Data Center (via SLEX Southern Line),Contracts & Benefits Officer (HR Admin I),40000.0,229.89,4.4,780.0,false,4,80,3,3,4,2,2,1,0,0,false
19,Female,Single,Alabang Shared Services Data Center (via SLEX Southern Line),Contracts & Benefits Officer (HR Admin I),40000.0,229.89,4.4,780.0,true,4,80,4,2,4,3,1,1,0,0,false
23,Male,Married,Makati Corporate GSS Head Office (via Gil Puyat Ave),Global Mobility Officer (HR Admin I),40000.0,229.89,4.4,780.0,false,3,80,3,4,4,3,1,1,0,0,false
42,Female,Married,BGC Regional Operations Hub (via EDSA/Kalayaan),Employee Lifecycle Services Specialist (HR Admin II),55000.0,316.09,4.4,780.0,true,4,80,2,2,4,3,18,1,0,0,false
31,Female,Single,BGC Regional Operations Hub (via EDSA/Kalayaan),Contracts & Benefits Officer (HR Admin I),35000.0,201.15,4.4,780.0,false,2,80,2,1,3,4,1,1,0,0,true
30,Male,Divorced,BGC Regional Operations Hub (via EDSA/Kalayaan),Contracts & Benefits Officer (HR Admin I),40000.0,229.89,4.4,780.0,false,3,80,3,3,2,2,1,1,0,0,false
28,Male,Divorced,Makati Corporate GSS Head Office (via Gil Puyat Ave),Contracts & Benefits Officer (HR Admin I),40000.0,229.89,4.4,780.0,false,2,80,3,1,4,1,1,1,0,0,false
29,Male,Married,BGC Regional Operations Hub (via EDSA/Kalayaan),Contracts & Benefits Officer (HR Admin I),40000.0,229.89,4.4,780.0,false,4,80,3,3,1,2,5,1,0,0,false
34,Male,Single,BGC Regional Operations Hub (via EDSA/Kalayaan),Contracts & Benefits Officer (HR Admin I),40000.0,229.89,4.4,780.0,false,3,80,4,1,3,1,1,1,0,0,false
26,Female,Married,Makati Corporate GSS Head Office (via Gil Puyat Ave),Global Mobility Officer (HR Admin I),40000.0,229.89,4.4,780.0,false,3,80,4,1,1,3,1,1,0,0,false
29,Female,Divorced,Makati Corporate GSS Head Office (via Gil Puyat Ave),Contracts & Benefits Officer (HR Admin I),32000.0,183.91,4.4,780.0,false,2,80,1,4,3,3,1,1,0,0,false
43,Male,Married,Alabang Shared Services Data Center (via SLEX Southern Line),Contracts & Benefits Officer (HR Admin I),40000.0,229.89,4.4,780.0,true,2,80,3,3,4,3,6,1,0,0,true
36,Female,Married,Makati Corporate GSS Head Office (via Gil Puyat Ave),Employee Lifecycle Services Specialist (HR Admin II),55000.0,316.09,4.4,780.0,true,3,80,2,4,4,3,15,1,0,0,false
29,Male,Single,Alabang Shared Services Data Center (via SLEX Southern Line),Global Mobility Officer (HR Admin I),40000.0,229.89,4.4,780.0,true,2,80,4,4,2,2,1,1,0,1,true
22,Male,Single,BGC Regional Operations Hub (via EDSA/Kalayaan),Global Mobility Officer (HR Admin I),35000.0,201.15,4.4,780.0,true,3,80,2,4,1,3,1,1,0,0,true
26,Female,Married,Makati Corporate GSS Head Office (via Gil Puyat Ave),Contracts & Benefits Officer (HR Admin I),40000.0,229.89,4.4,780.0,true,2,80,3,2,3,2,1,1,0,1,false
24,Male,Married,Makati Corporate GSS Head Office (via Gil Puyat Ave),Contracts & Benefits Officer (HR Admin I),40000.0,229.89,4.4,780.0,true,3,80,4,2,1,2,6,2,0,2,true
25,Male,Married,BGC Regional Operations Hub (via EDSA/Kalayaan),Contracts & Benefits Officer (HR Admin I),40000.0,229.89,4.4,780.0,false,2,80,4,4,3,3,2,2,2,2,false
22,Male,Married,Alabang Shared Services Data Center (via SLEX Southern Line),Global Mobility Officer (HR Admin I),40000.0,229.89,4.4,780.0,false,3,80,4,3,1,3,2,2,2,2,false
27,Male,Divorced,BGC Regional Operations Hub (via EDSA/Kalayaan),Contracts & Benefits Officer (HR Admin I),35000.0,201.15,4.4,780.0,false,3,80,2,4,4,1,6,2,2,2,false
56,Female,Divorced,BGC Regional Operations Hub (via EDSA/Kalayaan),Contracts & Benefits Officer (HR Admin I),32000.0,183.91,4.4,780.0,true,3,80,1,3,3,3,19,2,2,2,false
33,Female,Married,Alabang Shared Services Data Center (via SLEX Southern Line),Contracts & Benefits Officer (HR Admin I),40000.0,229.89,4.4,780.0,false,2,80,4,3,3,2,2,2,2,0,false
31,Male,Divorced,Makati Corporate GSS Head Office (via Gil Puyat Ave),Contracts & Benefits Officer (HR Admin I),40000.0,229.89,4.4,780.0,true,3,80,4,3,2,1,3,2,2,2,false
31,Male,Single,BGC Regional Operations Hub (via EDSA/Kalayaan),Contracts & Benefits Officer (HR Admin I),35000.0,201.15,4.4,780.0,true,2,80,2,3,4,3,3,2,2,2,false
36,Female,Married,Makati Corporate GSS Head Office (via Gil Puyat Ave),Contracts & Benefits Officer (HR Admin I),40000.0,229.89,4.4,780.0,false,3,80,3,4,2,3,6,2,2,2,false
22,Female,Married,BGC Regional Operations Hub (via EDSA/Kalayaan),Contracts & Benefits Officer (HR Admin I),35000.0,201.15,4.4,780.0,false,3,80,2,1,4,3,2,2,1,1,false
45,Male,Married,BGC Regional Operations Hub (via EDSA/Kalayaan),Global Mobility Officer (HR Admin I),40000.0,229.89,4.4,780.0,false,3,80,4,1,4,2,8,2,2,0,false
29,Female,Married,Alabang Shared Services Data Center (via SLEX Southern Line),Contracts & Benefits Officer (HR Admin I),35000.0,201.15,4.4,780.0,false,2,80,2,3,2,4,6,2,2,1,true
22,Male,Married,BGC Regional Operations Hub (via EDSA/Kalayaan),Global Mobility Officer (HR Admin I),40000.0,229.89,4.4,780.0,false,3,80,3,1,4,3,3,2,2,2,false
42,Male,Divorced,Alabang Shared Services Data Center (via SLEX Southern Line),Contracts & Benefits Officer (HR Admin I),40000.0,229.89,4.4,780.0,true,4,80,3,3,4,3,7,2,2,2,true
23,Male,Single,BGC Regional Operations Hub (via EDSA/Kalayaan),Contracts & Benefits Officer (HR Admin I),40000.0,229.89,4.4,780.0,false,4,80,3,1,4,3,2,2,2,0,false
35,Female,Single,Makati Corporate GSS Head Office (via Gil Puyat Ave),Contracts & Benefits Officer (HR Admin I),40000.0,229.89,4.4,780.0,false,4,80,3,4,3,3,7,2,2,2,false
28,Male,Single,Makati Corporate GSS Head Office (via Gil Puyat Ave),Contracts & Benefits Officer (HR Admin I),40000.0,229.89,4.4,780.0,false,3,80,3,3,4,2,5,2,2,2,true
42,Male,Single,Makati Corporate GSS Head Office (via Gil Puyat Ave),Contracts & Benefits Officer (HR Admin I),40000.0,229.89,4.4,780.0,true,3,80,4,2,4,3,8,2,1,2,false
28,Female,Divorced,BGC Regional Operations Hub (via EDSA/Kalayaan),Contracts & Benefits Officer (HR Admin I),40000.0,229.89,4.4,780.0,false,3,80,3,3,2,3,6,2,2,2,false
38,Male,Married,BGC Regional Operations Hub (via EDSA/Kalayaan),Contracts & Benefits Officer (HR Admin I),40000.0,229.89,4.4,780.0,false,3,80,3,3,2,2,3,2,1,0,false
38,Male,Married,Makati Corporate GSS Head Office (via Gil Puyat Ave),Contracts & Benefits Officer (HR Admin I),40000.0,229.89,4.4,780.0,false,3,80,3,3,1,3,8,2,2,2,false
33,Male,Single,Alabang Shared Services Data Center (via SLEX Southern Line),Global Mobility Officer (HR Admin I),35000.0,201.15,4.4,780.0,true,2,80,2,1,2,3,5,2,2,2,true
21,Female,Single,Makati Corporate GSS Head Office (via Gil Puyat Ave),Contracts & Benefits Officer (HR Admin I),35000.0,201.15,4.4,780.0,true,2,80,2,4,3,4,2,2,2,2,false
25,Female,Single,Makati Corporate GSS Head Office (via Gil Puyat Ave),Contracts & Benefits Officer (HR Admin I),35000.0,201.15,4.4,780.0,false,3,80,2,4,4,2,2,2,2,2,false
58,Male,Divorced,Alabang Shared Services Data Center (via SLEX Southern Line),Contracts & Benefits Officer (HR Admin I),40000.0,229.89,4.4,780.0,false,3,80,3,1,4,3,2,2,2,2,false
34,Male,Married,Makati Corporate GSS Head Office (via Gil Puyat Ave),Employee Lifecycle Services Specialist (HR Admin II),65000.0,373.56,4.4,780.0,false,3,80,4,2,2,2,9,2,2,2,false
23,Male,Married,BGC Regional Operations Hub (via EDSA/Kalayaan),Contracts & Benefits Officer (HR Admin I),40000.0,229.89,4.4,780.0,false,4,80,3,4,4,3,4,2,2,2,false
21,Male,Single,Alabang Shared Services Data Center (via SLEX Southern Line),Contracts & Benefits Officer (HR Admin I),40000.0,229.89,4.4,780.0,false,3,80,4,3,3,3,3,2,2,2,false
39,Male,Divorced,Alabang Shared Services Data Center (via SLEX Southern Line),Employee Lifecycle Services Specialist (HR Admin II),65000.0,373.56,4.4,780.0,false,3,80,4,4,2,3,7,2,2,2,false
29,Male,Married,Makati Corporate GSS Head Office (via Gil Puyat Ave),Contracts & Benefits Officer (HR Admin I),40000.0,229.89,4.4,780.0,true,3,80,4,1,2,4,4,2,2,2,true
40,Male,Single,Makati Corporate GSS Head Office (via Gil Puyat Ave),Contracts & Benefits Officer (HR Admin I),40000.0,229.89,4.4,780.0,false,2,80,3,3,4,3,8,2,2,2,false
38,Male,Single,Makati Corporate GSS Head Office (via Gil Puyat Ave),Contracts & Benefits Officer (HR Admin I),40000.0,229.89,4.4,780.0,true,3,80,4,4,3,3,6,3,2,1,false
35,Male,Married,Makati Corporate GSS Head Office (via Gil Puyat Ave),Contracts & Benefits Officer (HR Admin I),32000.0,183.91,4.4,780.0,false,3,80,1,2,4,2,5,3,2,1,false
43,Female,Single,Alabang Shared Services Data Center (via SLEX Southern Line),Contracts & Benefits Officer (HR Admin I),40000.0,229.89,4.4,780.0,false,4,80,3,2,4,3,18,3,2,1,false
38,Female,Single,Makati Corporate GSS Head Office (via Gil Puyat Ave),Employee Lifecycle Services Specialist (HR Admin II),65000.0,373.56,4.4,780.0,true,3,80,3,4,2,3,19,3,2,2,false
30,Female,Divorced,Alabang Shared Services Data Center (via SLEX Southern Line),Contracts & Benefits Officer (HR Admin I),32000.0,183.91,4.4,780.0,false,3,80,1,4,4,3,8,3,2,2,false
33,Male,Single,Makati Corporate GSS Head Office (via Gil Puyat Ave),Contracts & Benefits Officer (HR Admin I),40000.0,229.89,4.4,780.0,false,3,80,4,3,1,4,4,3,1,0,false
34,Female,Single,Alabang Shared Services Data Center (via SLEX Southern Line),Contracts & Benefits Officer (HR Admin I),35000.0,201.15,4.4,780.0,false,3,80,2,4,4,3,9,3,2,1,false
33,Female,Married,Makati Corporate GSS Head Office (via Gil Puyat Ave),Global Mobility Officer (HR Admin I),35000.0,201.15,4.4,780.0,false,2,80,2,3,4,3,7,3,2,1,false
37,Female,Married,Makati Corporate GSS Head Office (via Gil Puyat Ave),Contracts & Benefits Officer (HR Admin I),32000.0,183.91,4.4,780.0,false,2,80,1,3,1,2,17,3,1,0,false
42,Female,Single,Alabang Shared Services Data Center (via SLEX Southern Line),Employee Lifecycle Services Specialist (HR Admin II),48000.0,275.86,4.4,780.0,true,4,80,1,4,3,3,10,3,2,0,false
21,Male,Single,Makati Corporate GSS Head Office (via Gil Puyat Ave),Contracts & Benefits Officer (HR Admin I),40000.0,229.89,4.4,780.0,false,2,80,3,4,1,4,3,3,2,1,false
28,Male,Married,Makati Corporate GSS Head Office (via Gil Puyat Ave),Contracts & Benefits Officer (HR Admin I),40000.0,229.89,4.4,780.0,true,1,80,4,1,4,2,5,3,2,2,true
29,Male,Single,Alabang Shared Services Data Center (via SLEX Southern Line),Contracts & Benefits Officer (HR Admin I),40000.0,229.89,4.4,780.0,false,3,80,4,4,4,3,6,3,2,1,false
26,Female,Divorced,Alabang Shared Services Data Center (via SLEX Southern Line),Global Mobility Officer (HR Admin I),40000.0,229.89,4.4,780.0,false,3,80,4,1,2,1,3,3,2,0,false
23,Male,Married,Makati Corporate GSS Head Office (via Gil Puyat Ave),Contracts & Benefits Officer (HR Admin I),32000.0,183.91,4.4,780.0,false,4,80,1,1,1,4,5,3,2,0,false
33,Male,Single,Makati Corporate GSS Head Office (via Gil Puyat Ave),Contracts & Benefits Officer (HR Admin I),32000.0,183.91,4.4,780.0,true,2,80,1,3,2,3,6,3,2,0,false
31,Male,Single,BGC Regional Operations Hub (via EDSA/Kalayaan),Global Mobility Officer (HR Admin I),32000.0,183.91,4.4,780.0,true,2,80,1,3,1,3,4,3,2,1,true
33,Female,Single,BGC Regional Operations Hub (via EDSA/Kalayaan),Contracts & Benefits Officer (HR Admin I),40000.0,229.89,4.4,780.0,false,3,80,4,2,1,3,5,3,2,0,false
26,Male,Married,Makati Corporate GSS Head Office (via Gil Puyat Ave),Contracts & Benefits Officer (HR Admin I),32000.0,183.91,4.4,780.0,true,3,80,1,1,2,3,6,3,2,1,true
28,Male,Divorced,BGC Regional Operations Hub (via EDSA/Kalayaan),Contracts & Benefits Officer (HR Admin I),40000.0,229.89,4.4,780.0,true,2,80,3,3,4,3,3,3,1,0,false
45,Female,Married,BGC Regional Operations Hub (via EDSA/Kalayaan),Contracts & Benefits Officer (HR Admin I),40000.0,229.89,4.4,780.0,true,3,80,3,1,3,2,7,3,2,0,false
29,Female,Divorced,Makati Corporate GSS Head Office (via Gil Puyat Ave),Contracts & Benefits Officer (HR Admin I),40000.0,229.89,4.4,780.0,false,3,80,4,1,1,3,3,3,2,1,false
35,Male,Married,BGC Regional Operations Hub (via EDSA/Kalayaan),Contracts & Benefits Officer (HR Admin I),40000.0,229.89,4.4,780.0,true,3,80,3,3,4,3,4,3,2,2,false
28,Male,Single,Makati Corporate GSS Head Office (via Gil Puyat Ave),Contracts & Benefits Officer (HR Admin I),32000.0,183.91,4.4,780.0,false,3,80,1,4,2,2,5,3,2,1,false
56,Female,Married,Makati Corporate GSS Head Office (via Gil Puyat Ave),Global Mobility Officer (HR Admin I),32000.0,183.91,4.4,780.0,false,3,80,1,1,4,4,5,3,2,1,false
40,Male,Divorced,Makati Corporate GSS Head Office (via Gil Puyat Ave),Contracts & Benefits Officer (HR Admin I),40000.0,229.89,4.4,780.0,false,3,80,3,3,3,4,8,3,1,1,false
32,Female,Married,Alabang Shared Services Data Center (via SLEX Southern Line),Contracts & Benefits Officer (HR Admin I),40000.0,229.89,4.4,780.0,false,4,80,4,2,4,3,6,3,2,0,false
27,Female,Married,BGC Regional Operations Hub (via EDSA/Kalayaan),Contracts & Benefits Officer (HR Admin I),40000.0,229.89,4.4,780.0,false,4,80,3,2,1,3,5,3,2,0,false
43,Male,Single,BGC Regional Operations Hub (via EDSA/Kalayaan),Contracts & Benefits Officer (HR Admin I),40000.0,229.89,4.4,780.0,false,3,80,3,1,3,2,7,3,2,1,false
28,Female,Married,Makati Corporate GSS Head Office (via Gil Puyat Ave),Global Mobility Officer (HR Admin I),32000.0,183.91,4.4,780.0,false,3,80,1,3,3,3,3,3,2,1,false
22,Male,Single,Makati Corporate GSS Head Office (via Gil Puyat Ave),Contracts & Benefits Officer (HR Admin I),40000.0,229.89,4.4,780.0,false,3,80,3,4,4,4,4,3,2,1,false
34,Male,Single,BGC Regional Operations Hub (via EDSA/Kalayaan),Contracts & Benefits Officer (HR Admin I),32000.0,183.91,4.4,780.0,false,3,80,1,2,3,3,8,4,2,1,true
31,Female,Married,BGC Regional Operations Hub (via EDSA/Kalayaan),Global Mobility Officer (HR Admin I),40000.0,229.89,4.4,780.0,true,3,80,4,3,3,3,7,4,2,0,false
22,Male,Divorced,Alabang Shared Services Data Center (via SLEX Southern Line),Contracts & Benefits Officer (HR Admin I),35000.0,201.15,4.4,780.0,true,4,80,2,4,1,2,4,4,2,2,false
29,Male,Single,Alabang Shared Services Data Center (via SLEX Southern Line),Contracts & Benefits Officer (HR Admin I),40000.0,229.89,4.4,780.0,true,2,80,4,3,3,2,4,4,3,0,true
37,Male,Married,BGC Regional Operations Hub (via EDSA/Kalayaan),Contracts & Benefits Officer (HR Admin I),40000.0,229.89,4.4,780.0,true,3,80,4,2,3,2,4,4,2,1,false
27,Female,Single,Alabang Shared Services Data Center (via SLEX Southern Line),Contracts & Benefits Officer (HR Admin I),35000.0,201.15,4.4,780.0,true,3,80,2,3,2,2,4,4,3,1,false
54,Female,Single,Alabang Shared Services Data Center (via SLEX Southern Line),Employee Lifecycle Services Specialist (HR Admin II),65000.0,373.56,4.4,780.0,false,3,80,3,4,4,2,20,4,3,0,false
23,Male,Divorced,Alabang Shared Services Data Center (via SLEX Southern Line),Contracts & Benefits Officer (HR Admin I),40000.0,229.89,4.4,780.0,false,3,80,4,3,3,2,4,4,2,0,false
27,Male,Single,Makati Corporate GSS Head Office (via Gil Puyat Ave),Contracts & Benefits Officer (HR Admin I),40000.0,229.89,4.4,780.0,false,2,80,4,1,4,3,5,4,2,1,false
40,Female,Single,Makati Corporate GSS Head Office (via Gil Puyat Ave),Global Mobility Officer (HR Admin I),40000.0,229.89,4.4,780.0,true,2,80,4,4,4,2,5,4,2,2,false
52,Male,Married,Alabang Shared Services Data Center (via SLEX Southern Line),Contracts & Benefits Officer (HR Admin I),40000.0,229.89,4.4,780.0,false,3,80,4,4,1,3,5,4,3,1,false
34,Female,Single,Makati Corporate GSS Head Office (via Gil Puyat Ave),Contracts & Benefits Officer (HR Admin I),40000.0,229.89,4.4,780.0,false,4,80,4,2,3,3,10,4,2,1,false
25,Male,Single,Makati Corporate GSS Head Office (via Gil Puyat Ave),Contracts & Benefits Officer (HR Admin I),32000.0,183.91,4.4,780.0,false,4,80,1,1,3,2,6,4,3,0,false
49,Female,Married,Makati Corporate GSS Head Office (via Gil Puyat Ave),Contracts & Benefits Officer (HR Admin I),32000.0,183.91,4.4,780.0,false,3,80,1,3,2,3,7,4,2,0,false
27,Male,Married,BGC Regional Operations Hub (via EDSA/Kalayaan),Contracts & Benefits Officer (HR Admin I),40000.0,229.89,4.4,780.0,false,2,80,3,4,3,3,4,4,2,2,false
40,Male,Divorced,Alabang Shared Services Data Center (via SLEX Southern Line),Contracts & Benefits Officer (HR Admin I),40000.0,229.89,4.4,780.0,false,3,80,3,3,2,3,6,4,2,0,false
38,Male,Divorced,BGC Regional Operations Hub (via EDSA/Kalayaan),Contracts & Benefits Officer (HR Admin I),40000.0,229.89,4.4,780.0,false,4,80,3,4,4,3,4,4,2,0,false
26,Male,Single,Makati Corporate GSS Head Office (via Gil Puyat Ave),Contracts & Benefits Officer (HR Admin I),40000.0,229.89,4.4,780.0,false,2,80,4,1,4,3,5,4,3,1,false
34,Male,Divorced,Makati Corporate GSS Head Office (via Gil Puyat Ave),Contracts & Benefits Officer (HR Admin I),32000.0,183.91,4.4,780.0,false,3,80,1,4,3,3,10,4,3,1,false
41,Male,Married,Alabang Shared Services Data Center (via SLEX Southern Line),Contracts & Benefits Officer (HR Admin I),40000.0,229.89,4.4,780.0,true,4,80,3,2,1,2,7,4,2,0,false
22,Female,Married,Alabang Shared Services Data Center (via SLEX Southern Line),Contracts & Benefits Officer (HR Admin I),40000.0,229.89,4.4,780.0,true,2,80,3,2,2,2,4,4,2,1,false
27,Male,Single,Makati Corporate GSS Head Office (via Gil Puyat Ave),Contracts & Benefits Officer (HR Admin I),40000.0,229.89,4.4,780.0,false,3,80,4,4,3,2,6,4,2,1,false
55,Male,Divorced,Alabang Shared Services Data Center (via SLEX Southern Line),Contracts & Benefits Officer (HR Admin I),35000.0,201.15,4.4,780.0,false,2,80,2,1,4,3,8,4,2,1,false
32,Female,Single,Alabang Shared Services Data Center (via SLEX Southern Line),Contracts & Benefits Officer (HR Admin I),40000.0,229.89,4.4,780.0,true,4,80,3,1,1,3,8,4,1,0,true
31,Male,Divorced,Makati Corporate GSS Head Office (via Gil Puyat Ave),Contracts & Benefits Officer (HR Admin I),32000.0,183.91,4.4,780.0,true,3,80,1,3,4,4,4,4,2,2,false
54,Female,Married,BGC Regional Operations Hub (via EDSA/Kalayaan),Employee Lifecycle Services Specialist (HR Admin II),65000.0,373.56,4.4,780.0,false,3,80,3,1,3,2,9,4,3,2,false
42,Male,Divorced,Alabang Shared Services Data Center (via SLEX Southern Line),Employee Lifecycle Services Specialist (HR Admin II),48000.0,275.86,4.4,780.0,true,3,80,1,4,3,2,9,4,3,1,false
44,Male,Single,Makati Corporate GSS Head Office (via Gil Puyat Ave),Contracts & Benefits Officer (HR Admin I),40000.0,229.89,4.4,780.0,true,3,80,4,2,3,3,6,4,3,1,false
32,Male,Single,Makati Corporate GSS Head Office (via Gil Puyat Ave),Contracts & Benefits Officer (HR Admin I),32000.0,183.91,4.4,780.0,false,3,80,1,4,4,3,4,4,2,1,false
35,Female,Married,Makati Corporate GSS Head Office (via Gil Puyat Ave),Contracts & Benefits Officer (HR Admin I),40000.0,229.89,4.4,780.0,false,1,80,4,3,4,3,4,4,3,1,false
31,Male,Divorced,Alabang Shared Services Data Center (via SLEX Southern Line),Contracts & Benefits Officer (HR Admin I),40000.0,229.89,4.4,780.0,false,3,80,3,1,4,2,5,5,2,4,false
43,Female,Divorced,Makati Corporate GSS Head Office (via Gil Puyat Ave),Contracts & Benefits Officer (HR Admin I),40000.0,229.89,4.4,780.0,false,4,80,3,4,4,2,6,5,3,1,false
29,Male,Married,Makati Corporate GSS Head Office (via Gil Puyat Ave),Global Mobility Officer (HR Admin I),35000.0,201.15,4.4,780.0,false,3,80,2,3,4,3,6,5,4,0,false
56,Female,Married,BGC Regional Operations Hub (via EDSA/Kalayaan),Contracts & Benefits Officer (HR Admin I),35000.0,201.15,4.4,780.0,true,3,80,2,2,1,3,7,5,4,4,true
26,Female,Married,BGC Regional Operations Hub (via EDSA/Kalayaan),Contracts & Benefits Officer (HR Admin I),35000.0,201.15,4.4,780.0,false,2,80,2,3,3,2,5,5,4,4,false
30,Female,Single,Alabang Shared Services Data Center (via SLEX Southern Line),Contracts & Benefits Officer (HR Admin I),40000.0,229.89,4.4,780.0,false,3,80,3,1,3,2,5,5,4,0,false
28,Male,Married,Alabang Shared Services Data Center (via SLEX Southern Line),Contracts & Benefits Officer (HR Admin I),40000.0,229.89,4.4,780.0,false,3,80,4,3,3,1,5,5,2,0,false
32,Male,Single,BGC Regional Operations Hub (via EDSA/Kalayaan),Global Mobility Officer (HR Admin I),40000.0,229.89,4.4,780.0,false,3,80,3,3,1,3,8,5,4,1,false
27,Male,Married,Alabang Shared Services Data Center (via SLEX Southern Line),Contracts & Benefits Officer (HR Admin I),35000.0,201.15,4.4,780.0,true,3,80,2,3,4,2,6,5,2,1,false
43,Male,Divorced,BGC Regional Operations Hub (via EDSA/Kalayaan),Contracts & Benefits Officer (HR Admin I),40000.0,229.89,4.4,780.0,false,4,80,4,4,4,4,7,5,4,2,false
34,Male,Divorced,BGC Regional Operations Hub (via EDSA/Kalayaan),Contracts & Benefits Officer (HR Admin I),40000.0,229.89,4.4,780.0,true,3,80,3,4,4,4,5,5,3,2,false
30,Female,Single,Makati Corporate GSS Head Office (via Gil Puyat Ave),Contracts & Benefits Officer (HR Admin I),32000.0,183.91,4.4,780.0,true,3,80,1,4,3,3,8,5,2,0,true
28,Male,Married,BGC Regional Operations Hub (via EDSA/Kalayaan),Global Mobility Officer (HR Admin I),40000.0,229.89,4.4,780.0,false,3,80,4,4,4,2,5,5,2,0,false
28,Female,Single,BGC Regional Operations Hub (via EDSA/Kalayaan),Global Mobility Officer (HR Admin I),40000.0,229.89,4.4,780.0,false,3,80,4,4,4,3,5,5,3,0,false
31,Male,Married,Alabang Shared Services Data Center (via SLEX Southern Line),Contracts & Benefits Officer (HR Admin I),40000.0,229.89,4.4,780.0,true,3,80,4,3,3,3,6,5,2,0,false
42,Female,Divorced,Alabang Shared Services Data Center (via SLEX Southern Line),Employee Lifecycle Services Specialist (HR Admin II),65000.0,373.56,4.4,780.0,false,3,80,3,1,2,3,19,5,4,0,false
27,Female,Divorced,BGC Regional Operations Hub (via EDSA/Kalayaan),Contracts & Benefits Officer (HR Admin I),40000.0,229.89,4.4,780.0,false,2,80,3,1,3,2,6,5,3,0,false
37,Female,Divorced,BGC Regional Operations Hub (via EDSA/Kalayaan),Contracts & Benefits Officer (HR Admin I),32000.0,183.91,4.4,780.0,true,3,80,1,4,2,2,6,5,3,4,false
34,Female,Single,Alabang Shared Services Data Center (via SLEX Southern Line),Contracts & Benefits Officer (HR Admin I),40000.0,229.89,4.4,780.0,false,2,80,4,3,3,3,6,5,2,1,false
30,Male,Divorced,Alabang Shared Services Data Center (via SLEX Southern Line),Contracts & Benefits Officer (HR Admin I),40000.0,229.89,4.4,780.0,false,2,80,4,2,2,2,10,5,4,0,false
32,Female,Married,BGC Regional Operations Hub (via EDSA/Kalayaan),Employee Lifecycle Services Specialist (HR Admin II),65000.0,373.56,4.4,780.0,false,4,80,3,3,3,2,9,5,3,1,false
30,Female,Married,Alabang Shared Services Data Center (via SLEX Southern Line),Contracts & Benefits Officer (HR Admin I),40000.0,229.89,4.4,780.0,true,3,80,3,1,2,3,7,5,2,0,true
26,Female,Divorced,Makati Corporate GSS Head Office (via Gil Puyat Ave),Contracts & Benefits Officer (HR Admin I),40000.0,229.89,4.4,780.0,false,2,80,3,1,3,3,5,5,3,1,false
56,Female,Married,BGC Regional Operations Hub (via EDSA/Kalayaan),Contracts & Benefits Officer (HR Admin I),40000.0,229.89,4.4,780.0,false,3,80,3,1,2,3,18,5,4,0,false
28,Male,Married,Makati Corporate GSS Head Office (via Gil Puyat Ave),Contracts & Benefits Officer (HR Admin I),35000.0,201.15,4.4,780.0,false,2,80,2,1,1,1,6,5,3,0,false
29,Female,Married,BGC Regional Operations Hub (via EDSA/Kalayaan),Contracts & Benefits Officer (HR Admin I),40000.0,229.89,4.4,780.0,true,1,80,4,2,1,2,6,5,4,1,false
27,Male,Divorced,Makati Corporate GSS Head Office (via Gil Puyat Ave),Contracts & Benefits Officer (HR Admin I),40000.0,229.89,4.4,780.0,false,3,80,3,1,2,3,5,5,3,0,false
39,Male,Single,Alabang Shared Services Data Center (via SLEX Southern Line),Contracts & Benefits Officer (HR Admin I),32000.0,183.91,4.4,780.0,false,3,80,1,3,1,3,6,5,2,0,true
34,Female,Divorced,Alabang Shared Services Data Center (via SLEX Southern Line),Global Mobility Officer (HR Admin I),40000.0,229.89,4.4,780.0,false,2,80,3,1,3,3,5,5,4,0,false
44,Male,Single,Alabang Shared Services Data Center (via SLEX Southern Line),Contracts & Benefits Officer (HR Admin I),35000.0,201.15,4.4,780.0,false,3,80,2,4,3,2,6,5,2,1,false
45,Male,Married,Alabang Shared Services Data Center (via SLEX Southern Line),Global Mobility Officer (HR Admin I),40000.0,229.89,4.4,780.0,false,3,80,4,4,4,3,8,5,4,0,false
35,Male,Single,Makati Corporate GSS Head Office (via Gil Puyat Ave),Contracts & Benefits Officer (HR Admin I),40000.0,229.89,4.4,780.0,true,2,80,4,1,3,4,6,5,4,1,false
24,Male,Married,BGC Regional Operations Hub (via EDSA/Kalayaan),Contracts & Benefits Officer (HR Admin I),40000.0,229.89,4.4,780.0,false,4,80,3,3,4,3,5,5,3,0,false
32,Male,Married,BGC Regional Operations Hub (via EDSA/Kalayaan),Contracts & Benefits Officer (HR Admin I),40000.0,229.89,4.4,780.0,false,3,80,3,1,1,2,10,5,2,1,false
34,Male,Married,Makati Corporate GSS Head Office (via Gil Puyat Ave),Contracts & Benefits Officer (HR Admin I),40000.0,229.89,4.4,780.0,true,4,80,4,4,1,3,6,5,0,1,false
44,Male,Divorced,Makati Corporate GSS Head Office (via Gil Puyat Ave),Contracts & Benefits Officer (HR Admin I),35000.0,201.15,4.4,780.0,true,3,80,2,3,3,2,6,5,3,2,true
28,Male,Married,Makati Corporate GSS Head Office (via Gil Puyat Ave),Contracts & Benefits Officer (HR Admin I),40000.0,229.89,4.4,780.0,false,3,80,4,3,3,4,5,5,3,0,false
55,Male,Married,Makati Corporate GSS Head Office (via Gil Puyat Ave),Global Mobility Officer (HR Admin I),40000.0,229.89,4.4,780.0,false,2,80,4,2,2,4,19,5,2,0,false
37,Male,Married,BGC Regional Operations Hub (via EDSA/Kalayaan),Employee Lifecycle Services Specialist (HR Admin II),48000.0,275.86,4.4,780.0,true,3,80,1,4,3,3,16,5,3,0,false
34,Male,Married,Alabang Shared Services Data Center (via SLEX Southern Line),Global Mobility Officer (HR Admin I),32000.0,183.91,4.4,780.0,true,1,80,1,4,2,3,5,5,2,3,true
27,Male,Married,Makati Corporate GSS Head Office (via Gil Puyat Ave),Contracts & Benefits Officer (HR Admin I),35000.0,201.15,4.4,780.0,false,3,80,2,2,3,2,6,5,3,1,false
38,Male,Divorced,BGC Regional Operations Hub (via EDSA/Kalayaan),Contracts & Benefits Officer (HR Admin I),40000.0,229.89,4.4,780.0,false,3,80,4,2,4,4,10,5,2,0,false
28,Male,Single,Alabang Shared Services Data Center (via SLEX Southern Line),Contracts & Benefits Officer (HR Admin I),40000.0,229.89,4.4,780.0,false,3,80,3,3,3,2,5,5,3,1,false
41,Male,Married,Makati Corporate GSS Head Office (via Gil Puyat Ave),Global Mobility Officer (HR Admin I),40000.0,229.89,4.4,780.0,false,3,80,4,4,1,3,12,5,3,1,false
40,Female,Married,Makati Corporate GSS Head Office (via Gil Puyat Ave),Contracts & Benefits Officer (HR Admin I),40000.0,229.89,4.4,780.0,false,3,80,3,3,2,3,20,5,3,0,false
29,Female,Single,Alabang Shared Services Data Center (via SLEX Southern Line),Contracts & Benefits Officer (HR Admin I),32000.0,183.91,4.4,780.0,false,2,80,1,4,2,1,5,5,4,0,false
32,Male,Divorced,Alabang Shared Services Data Center (via SLEX Southern Line),Contracts & Benefits Officer (HR Admin I),35000.0,201.15,4.4,780.0,true,4,80,2,1,4,2,7,6,2,0,false
35,Male,Single,Makati Corporate GSS Head Office (via Gil Puyat Ave),Contracts & Benefits Officer (HR Admin I),40000.0,229.89,4.4,780.0,false,2,80,3,2,1,3,6,6,4,0,false
45,Male,Single,Alabang Shared Services Data Center (via SLEX Southern Line),Contracts & Benefits Officer (HR Admin I),40000.0,229.89,4.4,780.0,false,3,80,4,3,2,2,9,6,5,0,false
29,Male,Single,Makati Corporate GSS Head Office (via Gil Puyat Ave),Contracts & Benefits Officer (HR Admin I),40000.0,229.89,4.4,780.0,false,3,80,3,3,4,2,7,6,2,1,true
29,Male,Single,BGC Regional Operations Hub (via EDSA/Kalayaan),Contracts & Benefits Officer (HR Admin I),40000.0,229.89,4.4,780.0,false,3,80,4,3,1,3,6,6,5,1,false
26,Male,Single,Makati Corporate GSS Head Office (via Gil Puyat Ave),Global Mobility Officer (HR Admin I),32000.0,183.91,4.4,780.0,false,3,80,1,3,3,3,7,6,4,0,true
24,Male,Married,Alabang Shared Services Data Center (via SLEX Southern Line),Contracts & Benefits Officer (HR Admin I),40000.0,229.89,4.4,780.0,true,4,80,4,2,2,3,6,6,5,1,false
34,Male,Married,Makati Corporate GSS Head Office (via Gil Puyat Ave),Contracts & Benefits Officer (HR Admin I),40000.0,229.89,4.4,780.0,true,2,80,4,2,4,3,6,6,5,1,false
32,Female,Married,BGC Regional Operations Hub (via EDSA/Kalayaan),Employee Lifecycle Services Specialist (HR Admin II),65000.0,373.56,4.4,780.0,true,3,80,4,1,4,2,6,6,4,0,false
34,Female,Single,Makati Corporate GSS Head Office (via Gil Puyat Ave),Contracts & Benefits Officer (HR Admin I),32000.0,183.91,4.4,780.0,false,2,80,1,3,3,3,6,6,5,1,false
35,Female,Single,Alabang Shared Services Data Center (via SLEX Southern Line),Contracts & Benefits Officer (HR Admin I),32000.0,183.91,4.4,780.0,false,2,80,1,3,4,2,6,6,5,1,false
31,Male,Married,BGC Regional Operations Hub (via EDSA/Kalayaan),Contracts & Benefits Officer (HR Admin I),40000.0,229.89,4.4,780.0,true,3,80,4,4,2,3,8,6,4,0,false
36,Male,Single,BGC Regional Operations Hub (via EDSA/Kalayaan),Contracts & Benefits Officer (HR Admin I),40000.0,229.89,4.4,780.0,false,3,80,4,2,3,3,8,6,2,0,false
44,Male,Single,BGC Regional Operations Hub (via EDSA/Kalayaan),Contracts & Benefits Officer (HR Admin I),40000.0,229.89,4.4,780.0,true,3,80,3,3,3,3,6,6,4,0,true
41,Female,Divorced,Alabang Shared Services Data Center (via SLEX Southern Line),Employee Lifecycle Services Specialist (HR Admin II),65000.0,373.56,4.4,780.0,true,3,80,4,4,1,2,12,6,2,3,false
37,Male,Married,Makati Corporate GSS Head Office (via Gil Puyat Ave),Contracts & Benefits Officer (HR Admin I),40000.0,229.89,4.4,780.0,true,3,80,3,3,4,3,8,6,4,1,false
47,Male,Married,Makati Corporate GSS Head Office (via Gil Puyat Ave),Contracts & Benefits Officer (HR Admin I),40000.0,229.89,4.4,780.0,false,3,80,4,1,3,2,17,6,5,1,false
32,Male,Married,Makati Corporate GSS Head Office (via Gil Puyat Ave),Employee Lifecycle Services Specialist (HR Admin II),48000.0,275.86,4.4,780.0,false,3,80,1,4,2,2,9,6,5,1,false
30,Male,Married,BGC Regional Operations Hub (via EDSA/Kalayaan),Contracts & Benefits Officer (HR Admin I),35000.0,201.15,4.4,780.0,false,2,80,2,2,2,2,6,6,4,1,false
24,Female,Single,Makati Corporate GSS Head Office (via Gil Puyat Ave),Contracts & Benefits Officer (HR Admin I),40000.0,229.89,4.4,780.0,true,3,80,4,1,3,3,6,6,3,1,false
27,Female,Single,BGC Regional Operations Hub (via EDSA/Kalayaan),Contracts & Benefits Officer (HR Admin I),40000.0,229.89,4.4,780.0,false,3,80,4,3,3,2,6,6,2,1,false
42,Male,Married,BGC Regional Operations Hub (via EDSA/Kalayaan),Global Mobility Officer (HR Admin I),40000.0,229.89,4.4,780.0,false,3,80,3,3,2,2,10,6,3,3,false
27,Female,Single,BGC Regional Operations Hub (via EDSA/Kalayaan),Contracts & Benefits Officer (HR Admin I),35000.0,201.15,4.4,780.0,false,3,80,2,4,4,2,7,7,7,0,false
32,Female,Single,Makati Corporate GSS Head Office (via Gil Puyat Ave),Employee Lifecycle Services Specialist (HR Admin II),65000.0,373.56,4.4,780.0,false,4,80,4,1,3,2,10,7,7,0,false
37,Male,Divorced,BGC Regional Operations Hub (via EDSA/Kalayaan),Employee Lifecycle Services Specialist (HR Admin II),48000.0,275.86,4.4,780.0,true,4,80,1,3,1,3,13,7,7,6,false
34,Male,Divorced,Makati Corporate GSS Head Office (via Gil Puyat Ave),Contracts & Benefits Officer (HR Admin I),40000.0,229.89,4.4,780.0,false,2,80,3,4,3,3,14,7,3,5,false
28,Female,Single,Makati Corporate GSS Head Office (via Gil Puyat Ave),Contracts & Benefits Officer (HR Admin I),35000.0,201.15,4.4,780.0,true,1,80,2,1,4,3,10,7,7,3,true
29,Female,Divorced,Alabang Shared Services Data Center (via SLEX Southern Line),Global Mobility Officer (HR Admin I),40000.0,229.89,4.4,780.0,false,3,80,4,3,1,3,11,7,5,1,false
29,Female,Divorced,BGC Regional Operations Hub (via EDSA/Kalayaan),Contracts & Benefits Officer (HR Admin I),35000.0,201.15,4.4,780.0,false,3,80,2,4,4,2,8,7,5,1,false
31,Female,Single,Makati Corporate GSS Head Office (via Gil Puyat Ave),Contracts & Benefits Officer (HR Admin I),40000.0,229.89,4.4,780.0,false,3,80,3,4,1,1,7,7,2,7,true
32,Female,Married,Alabang Shared Services Data Center (via SLEX Southern Line),Employee Lifecycle Services Specialist (HR Admin II),55000.0,316.09,4.4,780.0,false,2,80,2,4,1,3,12,7,1,2,false
32,Male,Single,Alabang Shared Services Data Center (via SLEX Southern Line),Contracts & Benefits Officer (HR Admin I),35000.0,201.15,4.4,780.0,false,3,80,2,2,2,3,12,7,7,0,false
54,Female,Married,BGC Regional Operations Hub (via EDSA/Kalayaan),Employee Lifecycle Services Specialist (HR Admin II),65000.0,373.56,4.4,780.0,false,3,80,4,4,2,2,14,7,1,1,false
27,Female,Married,BGC Regional Operations Hub (via EDSA/Kalayaan),Contracts & Benefits Officer (HR Admin I),32000.0,183.91,4.4,780.0,false,2,80,1,4,4,2,8,7,6,7,false
39,Male,Single,Alabang Shared Services Data Center (via SLEX Southern Line),Employee Lifecycle Services Specialist (HR Admin II),65000.0,373.56,4.4,780.0,false,3,80,4,1,1,3,18,7,7,1,false
33,Female,Married,Makati Corporate GSS Head Office (via Gil Puyat Ave),Contracts & Benefits Officer (HR Admin I),40000.0,229.89,4.4,780.0,true,3,80,3,4,3,3,8,8,7,3,false
33,Female,Married,BGC Regional Operations Hub (via EDSA/Kalayaan),Contracts & Benefits Officer (HR Admin I),35000.0,201.15,4.4,780.0,false,3,80,2,4,4,3,8,8,7,1,false
37,Male,Married,Alabang Shared Services Data Center (via SLEX Southern Line),Contracts & Benefits Officer (HR Admin I),32000.0,183.91,4.4,780.0,true,4,80,1,2,1,2,8,8,7,1,false
36,Male,Single,Makati Corporate GSS Head Office (via Gil Puyat Ave),Employee Lifecycle Services Specialist (HR Admin II),55000.0,316.09,4.4,780.0,false,3,80,2,3,4,3,10,8,0,7,false
52,Male,Married,BGC Regional Operations Hub (via EDSA/Kalayaan),Employee Lifecycle Services Specialist (HR Admin II),55000.0,316.09,4.4,780.0,false,2,80,2,3,1,2,11,8,2,7,true
26,Female,Married,Alabang Shared Services Data Center (via SLEX Southern Line),Contracts & Benefits Officer (HR Admin I),40000.0,229.89,4.4,780.0,true,2,80,3,3,1,3,8,8,7,1,true
44,Male,Married,BGC Regional Operations Hub (via EDSA/Kalayaan),Contracts & Benefits Officer (HR Admin I),32000.0,183.91,4.4,780.0,true,3,80,1,2,4,3,8,8,7,7,false
28,Female,Single,BGC Regional Operations Hub (via EDSA/Kalayaan),Employee Lifecycle Services Specialist (HR Admin II),65000.0,373.56,4.4,780.0,false,3,80,3,3,4,4,10,8,7,1,false
32,Female,Single,Makati Corporate GSS Head Office (via Gil Puyat Ave),Employee Lifecycle Services Specialist (HR Admin II),65000.0,373.56,4.4,780.0,true,3,80,3,4,4,3,10,8,7,0,false
26,Male,Single,Makati Corporate GSS Head Office (via Gil Puyat Ave),Global Mobility Officer (HR Admin I),40000.0,229.89,4.4,780.0,true,3,80,4,3,2,2,8,8,5,2,false
27,Female,Single,Alabang Shared Services Data Center (via SLEX Southern Line),Contracts & Benefits Officer (HR Admin I),40000.0,229.89,4.4,780.0,true,3,80,3,4,4,3,8,8,2,7,true
48,Female,Married,BGC Regional Operations Hub (via EDSA/Kalayaan),Contracts & Benefits Officer (HR Admin I),32000.0,183.91,4.4,780.0,false,3,80,1,3,4,2,10,8,2,7,false
37,Female,Married,BGC Regional Operations Hub (via EDSA/Kalayaan),Contracts & Benefits Officer (HR Admin I),35000.0,201.15,4.4,780.0,false,3,80,2,2,1,1,8,8,4,7,false
47,Male,Married,BGC Regional Operations Hub (via EDSA/Kalayaan),Employee Lifecycle Services Specialist (HR Admin II),55000.0,316.09,4.4,780.0,false,3,80,2,3,3,4,16,8,7,1,false
41,Male,Divorced,BGC Regional Operations Hub (via EDSA/Kalayaan),Contracts & Benefits Officer (HR Admin I),40000.0,229.89,4.4,780.0,false,3,80,3,1,1,3,13,9,8,1,false
40,Male,Divorced,Alabang Shared Services Data Center (via SLEX Southern Line),Employee Lifecycle Services Specialist (HR Admin II),65000.0,373.56,4.4,780.0,false,3,80,4,1,1,3,9,9,8,4,false
27,Male,Married,BGC Regional Operations Hub (via EDSA/Kalayaan),Contracts & Benefits Officer (HR Admin I),32000.0,183.91,4.4,780.0,true,3,80,1,1,4,2,9,9,7,6,false
40,Male,Single,Makati Corporate GSS Head Office (via Gil Puyat Ave),Employee Lifecycle Services Specialist (HR Admin II),65000.0,373.56,4.4,780.0,false,3,80,4,3,3,3,9,9,8,8,false
35,Male,Single,Makati Corporate GSS Head Office (via Gil Puyat Ave),Employee Lifecycle Services Specialist (HR Admin II),65000.0,373.56,4.4,780.0,true,3,80,3,3,2,3,9,9,6,1,false
29,Male,Single,Makati Corporate GSS Head Office (via Gil Puyat Ave),Contracts & Benefits Officer (HR Admin I),32000.0,183.91,4.4,780.0,false,2,80,1,1,3,1,11,9,7,0,true
32,Male,Divorced,Makati Corporate GSS Head Office (via Gil Puyat Ave),Employee Lifecycle Services Specialist (HR Admin II),55000.0,316.09,4.4,780.0,false,3,80,2,4,3,2,10,9,5,1,false
30,Female,Single,Makati Corporate GSS Head Office (via Gil Puyat Ave),Contracts & Benefits Officer (HR Admin I),32000.0,183.91,4.4,780.0,false,2,80,1,4,4,3,10,9,7,0,false
33,Male,Divorced,Makati Corporate GSS Head Office (via Gil Puyat Ave),Employee Lifecycle Services Specialist (HR Admin II),55000.0,316.09,4.4,780.0,false,3,80,2,4,4,2,11,9,8,1,false
49,Male,Married,BGC Regional Operations Hub (via EDSA/Kalayaan),Employee Lifecycle Services Specialist (HR Admin II),55000.0,316.09,4.4,780.0,false,2,80,2,3,4,3,10,10,7,1,false
32,Female,Single,Alabang Shared Services Data Center (via SLEX Southern Line),Global Mobility Officer (HR Admin I),32000.0,183.91,4.4,780.0,true,1,80,1,2,2,3,10,10,2,6,true
32,Male,Married,Makati Corporate GSS Head Office (via Gil Puyat Ave),Employee Lifecycle Services Specialist (HR Admin II),55000.0,316.09,4.4,780.0,false,3,80,2,2,2,3,10,10,4,0,false
30,Male,Divorced,Alabang Shared Services Data Center (via SLEX Southern Line),Global Mobility Officer (HR Admin I),40000.0,229.89,4.4,780.0,false,1,80,3,1,3,2,10,10,7,0,false
30,Female,Married,Alabang Shared Services Data Center (via SLEX Southern Line),Employee Lifecycle Services Specialist (HR Admin II),65000.0,373.56,4.4,780.0,false,3,80,4,4,4,3,11,10,8,1,false
45,Male,Married,BGC Regional Operations Hub (via EDSA/Kalayaan),Employee Lifecycle Services Specialist (HR Admin II),65000.0,373.56,4.4,780.0,false,3,80,4,4,1,3,12,10,9,9,false
52,Male,Divorced,BGC Regional Operations Hub (via EDSA/Kalayaan),Employee Lifecycle Services Specialist (HR Admin II),48000.0,275.86,4.4,780.0,true,3,80,1,4,2,3,18,10,9,6,false
34,Male,Married,Makati Corporate GSS Head Office (via Gil Puyat Ave),Contracts & Benefits Officer (HR Admin I),40000.0,229.89,4.4,780.0,false,3,80,4,2,4,2,10,10,9,8,false
33,Male,Single,Makati Corporate GSS Head Office (via Gil Puyat Ave),Contracts & Benefits Officer (HR Admin I),32000.0,183.91,4.4,780.0,true,3,80,1,1,1,3,10,10,8,9,true
29,Male,Divorced,Makati Corporate GSS Head Office (via Gil Puyat Ave),Contracts & Benefits Officer (HR Admin I),40000.0,229.89,4.4,780.0,false,1,80,4,2,4,3,10,10,7,2,false
33,Male,Single,Makati Corporate GSS Head Office (via Gil Puyat Ave),Contracts & Benefits Officer (HR Admin I),40000.0,229.89,4.4,780.0,true,3,80,4,4,3,2,10,10,9,7,true
29,Male,Married,Alabang Shared Services Data Center (via SLEX Southern Line),Global Mobility Officer (HR Admin I),40000.0,229.89,4.4,780.0,false,4,80,3,3,3,3,10,10,7,0,false
35,Female,Divorced,Alabang Shared Services Data Center (via SLEX Southern Line),Contracts & Benefits Officer (HR Admin I),35000.0,201.15,4.4,780.0,true,3,80,2,4,1,2,10,10,2,7,true
51,Male,Married,Makati Corporate GSS Head Office (via Gil Puyat Ave),Contracts & Benefits Officer (HR Admin I),40000.0,229.89,4.4,780.0,true,3,80,3,1,3,4,18,10,0,2,true
41,Female,Married,BGC Regional Operations Hub (via EDSA/Kalayaan),Contracts & Benefits Officer (HR Admin I),40000.0,229.89,4.4,780.0,false,4,80,3,2,3,3,10,10,6,0,false
44,Female,Married,Makati Corporate GSS Head Office (via Gil Puyat Ave),Contracts & Benefits Officer (HR Admin I),40000.0,229.89,4.4,780.0,false,4,80,4,1,4,3,10,10,5,7,false
37,Male,Married,BGC Regional Operations Hub (via EDSA/Kalayaan),Employee Lifecycle Services Specialist (HR Admin II),65000.0,373.56,4.4,780.0,false,3,80,4,1,1,3,10,10,8,3,false
34,Female,Married,Alabang Shared Services Data Center (via SLEX Southern Line),Contracts & Benefits Officer (HR Admin I),40000.0,229.89,4.4,780.0,false,2,80,4,2,2,3,10,10,9,8,false
30,Male,Married,Alabang Shared Services Data Center (via SLEX Southern Line),Contracts & Benefits Officer (HR Admin I),40000.0,229.89,4.4,780.0,false,3,80,4,2,2,2,10,10,0,0,false
33,Male,Married,BGC Regional Operations Hub (via EDSA/Kalayaan),Contracts & Benefits Officer (HR Admin I),32000.0,183.91,4.4,780.0,false,4,80,1,4,2,3,14,10,8,7,false
31,Male,Married,Makati Corporate GSS Head Office (via Gil Puyat Ave),Employee Lifecycle Services Specialist (HR Admin II),48000.0,275.86,4.4,780.0,false,1,80,1,4,2,3,10,10,8,8,false
35,Male,Single,BGC Regional Operations Hub (via EDSA/Kalayaan),Employee Lifecycle Services Specialist (HR Admin II),65000.0,373.56,4.4,780.0,false,3,80,3,2,2,3,10,10,7,0,false
30,Male,Married,Makati Corporate GSS Head Office (via Gil Puyat Ave),Global Mobility Officer (HR Admin I),35000.0,201.15,4.4,780.0,true,3,80,2,4,1,3,12,11,9,5,false
36,Male,Married,Makati Corporate GSS Head Office (via Gil Puyat Ave),Contracts & Benefits Officer (HR Admin I),35000.0,201.15,4.4,780.0,false,3,80,2,3,3,2,12,11,10,0,false
34,Female,Divorced,Makati Corporate GSS Head Office (via Gil Puyat Ave),Employee Lifecycle Services Specialist (HR Admin II),55000.0,316.09,4.4,780.0,false,3,80,2,4,3,3,11,11,8,7,false
57,Male,Married,Makati Corporate GSS Head Office (via Gil Puyat Ave),Employee Lifecycle Services Specialist (HR Admin II),65000.0,373.56,4.4,780.0,false,4,80,3,2,1,2,13,12,9,2,false
38,Female,Divorced,BGC Regional Operations Hub (via EDSA/Kalayaan),Employee Lifecycle Services Specialist (HR Admin II),65000.0,373.56,4.4,780.0,true,1,80,4,2,4,3,17,13,11,1,false
37,Female,Married,Alabang Shared Services Data Center (via SLEX Southern Line),Employee Lifecycle Services Specialist (HR Admin II),65000.0,373.56,4.4,780.0,true,3,80,3,2,1,3,15,13,11,10,false
33,Female,Single,Alabang Shared Services Data Center (via SLEX Southern Line),Employee Lifecycle Services Specialist (HR Admin II),65000.0,373.56,4.4,780.0,false,2,80,3,1,2,3,14,13,7,3,true
38,Male,Married,Makati Corporate GSS Head Office (via Gil Puyat Ave),Employee Lifecycle Services Specialist (HR Admin II),65000.0,373.56,4.4,780.0,false,3,80,4,4,4,4,19,13,11,2,false
33,Male,Married,BGC Regional Operations Hub (via EDSA/Kalayaan),Contracts & Benefits Officer (HR Admin I),40000.0,229.89,4.4,780.0,false,3,80,4,1,2,3,15,14,10,4,false
34,Male,Married,Alabang Shared Services Data Center (via SLEX Southern Line),Employee Lifecycle Services Specialist (HR Admin II),65000.0,373.56,4.4,780.0,true,2,80,4,3,2,3,16,15,10,6,false
34,Female,Single,BGC Regional Operations Hub (via EDSA/Kalayaan),Employee Lifecycle Services Specialist (HR Admin II),65000.0,373.56,4.4,780.0,false,3,80,3,1,3,3,16,16,13,2,false
46,Female,Divorced,BGC Regional Operations Hub (via EDSA/Kalayaan),Employee Lifecycle Services Specialist (HR Admin II),48000.0,275.86,4.4,780.0,true,2,80,1,4,1,3,19,16,13,1,false
35,Male,Married,Alabang Shared Services Data Center (via SLEX Southern Line),Employee Lifecycle Services Specialist (HR Admin II),48000.0,275.86,4.4,780.0,false,4,80,1,2,4,3,16,16,15,1,false
37,Female,Single,Makati Corporate GSS Head Office (via Gil Puyat Ave),Contracts & Benefits Officer (HR Admin I),40000.0,229.89,4.4,780.0,false,3,80,4,4,2,3,17,17,12,5,false
35,Male,Single,BGC Regional Operations Hub (via EDSA/Kalayaan),Employee Lifecycle Services Specialist (HR Admin II),65000.0,373.56,4.4,780.0,false,1,80,4,2,2,3,17,17,11,11,false
40,Female,Divorced,Alabang Shared Services Data Center (via SLEX Southern Line),Employee Lifecycle Services Specialist (HR Admin II),55000.0,316.09,4.4,780.0,false,3,80,2,2,1,3,20,20,7,2,false
44,Male,Single,Alabang Shared Services Data Center (via SLEX Southern Line),Employee Lifecycle Services Specialist (HR Admin II),65000.0,373.56,4.4,780.0,false,3,80,4,4,2,3,20,20,11,13,false
43,Female,Single,BGC Regional Operations Hub (via EDSA/Kalayaan),Employee Lifecycle Services Specialist (HR Admin II),65000.0,373.56,4.4,780.0,true,2,80,3,1,1,1,20,20,7,1,false
38,Female,Divorced,BGC Regional Operations Hub (via EDSA/Kalayaan),Employee Lifecycle Services Specialist (HR Admin II),55000.0,316.09,4.4,780.0,true,2,80,2,4,3,3,20,20,11,0,false
42,Male,Single,Alabang Shared Services Data Center (via SLEX Southern Line),Employee Lifecycle Services Specialist (HR Admin II),65000.0,373.56,4.4,780.0,false,2,80,3,4,4,3,20,20,9,3,false
29,Male,Married,Makati Corporate GSS Head Office (via Gil Puyat Ave),Remuneration Specialist (HR Admin II),55000.0,316.09,4.4,780.0,false,2,80,2,1,2,3,10,0,0,0,false
26,Male,Divorced,Alabang Shared Services Data Center (via SLEX Southern Line),Remuneration Specialist (HR Admin II),65000.0,373.56,4.4,780.0,false,3,80,3,1,1,3,8,0,0,0,false
50,Male,Single,Makati Corporate GSS Head Office (via Gil Puyat Ave),Remuneration Specialist (HR Admin II),65000.0,373.56,4.4,780.0,true,3,80,3,4,4,3,5,0,0,0,true
40,Male,Married,Makati Corporate GSS Head Office (via Gil Puyat Ave),Remuneration Specialist (HR Admin II),55000.0,316.09,4.4,780.0,false,3,80,2,2,4,3,5,0,0,0,false
32,Male,Single,Makati Corporate GSS Head Office (via Gil Puyat Ave),Remuneration Specialist (HR Admin II),55000.0,316.09,4.4,780.0,false,1,80,2,1,2,3,10,0,0,0,true
33,Female,Single,Alabang Shared Services Data Center (via SLEX Southern Line),Shared Services Team Lead,72000.0,413.79,4.4,780.0,true,3,80,1,1,3,2,11,0,0,0,true
32,Male,Single,BGC Regional Operations Hub (via EDSA/Kalayaan),Remuneration Specialist (HR Admin II),65000.0,373.56,4.4,780.0,false,3,80,4,4,3,4,4,0,0,0,false
56,Female,Married,BGC Regional Operations Hub (via EDSA/Kalayaan),Remuneration Specialist (HR Admin II),48000.0,275.86,4.4,780.0,false,2,80,1,4,3,3,6,0,0,0,false
42,Male,Divorced,BGC Regional Operations Hub (via EDSA/Kalayaan),Remuneration Specialist (HR Admin II),65000.0,373.56,4.4,780.0,true,3,80,4,2,3,3,14,0,0,0,false
55,Male,Married,Makati Corporate GSS Head Office (via Gil Puyat Ave),Shared Services Team Lead,90000.0,517.24,4.4,780.0,false,3,80,4,1,4,3,24,1,0,1,false
39,Female,Married,Makati Corporate GSS Head Office (via Gil Puyat Ave),Remuneration Specialist (HR Admin II),65000.0,373.56,4.4,780.0,true,3,80,3,4,1,2,12,1,0,0,true
36,Female,Single,Makati Corporate GSS Head Office (via Gil Puyat Ave),Remuneration Specialist (HR Admin II),65000.0,373.56,4.4,780.0,false,3,80,4,4,2,3,7,1,0,0,false
40,Male,Divorced,Alabang Shared Services Data Center (via SLEX Southern Line),Shared Services Team Lead,72000.0,413.79,4.4,780.0,false,1,80,1,3,3,3,20,1,0,0,false
45,Female,Married,Alabang Shared Services Data Center (via SLEX Southern Line),Remuneration Specialist (HR Admin II),48000.0,275.86,4.4,780.0,false,3,80,1,1,4,3,5,1,1,0,true
37,Male,Divorced,Alabang Shared Services Data Center (via SLEX Southern Line),Remuneration Specialist (HR Admin II),65000.0,373.56,4.4,780.0,false,2,80,3,4,4,3,9,1,0,0,false
40,Male,Divorced,BGC Regional Operations Hub (via EDSA/Kalayaan),Shared Services Team Lead,75000.0,431.03,4.4,780.0,false,2,80,2,1,2,2,11,1,0,0,false
40,Female,Single,Alabang Shared Services Data Center (via SLEX Southern Line),GSS Operations Director (Head),150000.0,862.07,4.4,780.0,true,4,80,2,2,4,2,22,1,0,0,true
38,Male,Single,Makati Corporate GSS Head Office (via Gil Puyat Ave),Remuneration Specialist (HR Admin II),65000.0,373.56,4.4,780.0,true,3,80,4,2,3,3,19,1,0,0,false
43,Male,Divorced,Alabang Shared Services Data Center (via SLEX Southern Line),Shared Services Team Lead,90000.0,517.24,4.4,780.0,false,2,80,4,3,3,3,18,1,0,0,false
37,Female,Divorced,BGC Regional Operations Hub (via EDSA/Kalayaan),Remuneration Specialist (HR Admin II),65000.0,373.56,4.4,780.0,true,2,80,4,4,3,3,8,1,0,0,false
38,Male,Single,Makati Corporate GSS Head Office (via Gil Puyat Ave),Shared Services Team Lead,75000.0,431.03,4.4,780.0,false,3,80,2,4,3,3,10,1,0,0,false
44,Female,Married,Makati Corporate GSS Head Office (via Gil Puyat Ave),Remuneration Specialist (HR Admin II),65000.0,373.56,4.4,780.0,false,3,80,3,1,3,2,11,1,0,0,false
36,Female,Single,Makati Corporate GSS Head Office (via Gil Puyat Ave),Remuneration Specialist (HR Admin II),65000.0,373.56,4.4,780.0,false,3,80,3,2,1,3,15,1,0,0,false
47,Male,Married,Makati Corporate GSS Head Office (via Gil Puyat Ave),Remuneration Specialist (HR Admin II),55000.0,316.09,4.4,780.0,false,3,80,2,3,4,1,4,1,0,0,false
31,Male,Married,Alabang Shared Services Data Center (via SLEX Southern Line),Shared Services Team Lead,90000.0,517.24,4.4,780.0,false,3,80,3,1,1,3,10,1,0,0,true
26,Female,Married,Alabang Shared Services Data Center (via SLEX Southern Line),Remuneration Specialist (HR Admin II),65000.0,373.56,4.4,780.0,true,2,80,4,3,3,2,5,2,2,0,false
50,Female,Single,BGC Regional Operations Hub (via EDSA/Kalayaan),Shared Services Team Lead,90000.0,517.24,4.4,780.0,false,3,80,4,3,4,3,16,2,2,2,false
31,Female,Married,Alabang Shared Services Data Center (via SLEX Southern Line),Remuneration Specialist (HR Admin II),65000.0,373.56,4.4,780.0,true,1,80,3,2,3,3,4,2,2,2,true
25,Male,Married,Alabang Shared Services Data Center (via SLEX Southern Line),Remuneration Specialist (HR Admin II),65000.0,373.56,4.4,780.0,false,2,80,3,1,4,3,6,2,2,2,false
30,Female,Married,Alabang Shared Services Data Center (via SLEX Southern Line),Remuneration Specialist (HR Admin II),65000.0,373.56,4.4,780.0,true,3,80,3,4,2,4,4,2,2,2,false
48,Male,Married,Makati Corporate GSS Head Office (via Gil Puyat Ave),Remuneration Specialist (HR Admin II),55000.0,316.09,4.4,780.0,false,4,80,2,2,4,3,12,2,2,2,false
24,Female,Single,Makati Corporate GSS Head Office (via Gil Puyat Ave),Remuneration Specialist (HR Admin II),65000.0,373.56,4.4,780.0,false,3,80,3,1,1,3,4,2,2,2,true
60,Male,Single,Alabang Shared Services Data Center (via SLEX Southern Line),Remuneration Specialist (HR Admin II),48000.0,275.86,4.4,780.0,false,3,80,1,1,4,3,10,2,2,2,false
43,Male,Married,BGC Regional Operations Hub (via EDSA/Kalayaan),Remuneration Specialist (HR Admin II),65000.0,373.56,4.4,780.0,false,2,80,4,4,3,3,7,2,2,2,false
53,Male,Married,BGC Regional Operations Hub (via EDSA/Kalayaan),GSS Operations Director (Head),170000.0,862.07,4.4,780.0,false,3,80,4,1,3,3,28,2,0,2,false
26,Male,Single,Alabang Shared Services Data Center (via SLEX Southern Line),Remuneration Specialist (HR Admin II),48000.0,275.86,4.4,780.0,false,1,80,1,2,4,3,7,2,2,2,true
48,Male,Divorced,BGC Regional Operations Hub (via EDSA/Kalayaan),Remuneration Specialist (HR Admin II),48000.0,275.86,4.4,780.0,false,3,80,1,3,1,3,15,2,2,2,false
30,Male,Married,Alabang Shared Services Data Center (via SLEX Southern Line),Remuneration Specialist (HR Admin II),65000.0,373.56,4.4,780.0,false,3,80,3,4,3,2,4,2,1,2,false
33,Male,Married,BGC Regional Operations Hub (via EDSA/Kalayaan),Remuneration Specialist (HR Admin II),48000.0,275.86,4.4,780.0,false,3,80,1,1,4,1,8,2,2,2,false
35,Male,Divorced,BGC Regional Operations Hub (via EDSA/Kalayaan),Remuneration Specialist (HR Admin II),65000.0,373.56,4.4,780.0,true,1,80,4,1,4,2,7,2,2,2,true
41,Male,Single,Alabang Shared Services Data Center (via SLEX Southern Line),Shared Services Team Lead,90000.0,517.24,4.4,780.0,true,3,80,3,4,4,3,21,2,0,0,false
36,Male,Divorced,BGC Regional Operations Hub (via EDSA/Kalayaan),Remuneration Specialist (HR Admin II),48000.0,275.86,4.4,780.0,true,2,80,1,2,2,3,16,2,2,2,true
34,Female,Single,Makati Corporate GSS Head Office (via Gil Puyat Ave),Remuneration Specialist (HR Admin II),65000.0,373.56,4.4,780.0,false,1,80,4,4,1,3,6,2,2,2,false
46,Male,Single,Alabang Shared Services Data Center (via SLEX Southern Line),Remuneration Specialist (HR Admin II),55000.0,316.09,4.4,780.0,false,2,80,2,2,3,3,6,2,2,2,false
39,Male,Divorced,Alabang Shared Services Data Center (via SLEX Southern Line),Remuneration Specialist (HR Admin II),65000.0,373.56,4.4,780.0,false,3,80,4,3,4,3,7,2,1,2,false
32,Male,Single,Makati Corporate GSS Head Office (via Gil Puyat Ave),Remuneration Specialist (HR Admin II),55000.0,316.09,4.4,780.0,true,2,80,2,3,3,2,7,2,2,2,true
28,Female,Single,BGC Regional Operations Hub (via EDSA/Kalayaan),Remuneration Specialist (HR Admin II),65000.0,373.56,4.4,780.0,true,3,80,3,4,4,3,6,2,0,2,true
53,Male,Single,Alabang Shared Services Data Center (via SLEX Southern Line),Shared Services Team Lead,72000.0,413.79,4.4,780.0,true,3,80,1,1,2,2,15,2,2,2,true
24,Female,Married,Makati Corporate GSS Head Office (via Gil Puyat Ave),Remuneration Specialist (HR Admin II),65000.0,373.56,4.4,780.0,false,3,80,3,1,1,2,4,3,2,0,false
32,Male,Married,Alabang Shared Services Data Center (via SLEX Southern Line),Remuneration Specialist (HR Admin II),65000.0,373.56,4.4,780.0,false,3,80,4,3,1,3,4,3,2,2,false
29,Male,Divorced,Alabang Shared Services Data Center (via SLEX Southern Line),Remuneration Specialist (HR Admin II),65000.0,373.56,4.4,780.0,false,3,80,4,4,4,3,10,3,2,0,false
34,Female,Married,Makati Corporate GSS Head Office (via Gil Puyat Ave),Remuneration Specialist (HR Admin II),65000.0,373.56,4.4,780.0,false,3,80,3,3,1,3,6,3,2,1,false
46,Female,Married,BGC Regional Operations Hub (via EDSA/Kalayaan),Shared Services Team Lead,90000.0,517.24,4.4,780.0,true,2,80,4,3,3,3,15,3,2,1,false
31,Male,Divorced,BGC Regional Operations Hub (via EDSA/Kalayaan),Remuneration Specialist (HR Admin II),48000.0,275.86,4.4,780.0,false,3,80,1,2,3,1,9,3,1,1,true
37,Male,Married,Makati Corporate GSS Head Office (via Gil Puyat Ave),Remuneration Specialist (HR Admin II),65000.0,373.56,4.4,780.0,true,3,80,3,4,3,2,17,3,0,1,false
25,Male,Married,BGC Regional Operations Hub (via EDSA/Kalayaan),Remuneration Specialist (HR Admin II),55000.0,316.09,4.4,780.0,false,4,80,2,4,3,3,4,3,2,1,false
34,Female,Married,BGC Regional Operations Hub (via EDSA/Kalayaan),Remuneration Specialist (HR Admin II),48000.0,275.86,4.4,780.0,false,3,80,1,3,2,3,6,3,2,1,false
33,Female,Single,Alabang Shared Services Data Center (via SLEX Southern Line),Remuneration Specialist (HR Admin II),48000.0,275.86,4.4,780.0,false,3,80,1,1,3,3,6,3,2,0,true
33,Female,Married,BGC Regional Operations Hub (via EDSA/Kalayaan),Remuneration Specialist (HR Admin II),55000.0,316.09,4.4,780.0,false,3,80,2,4,3,3,4,3,2,0,false
34,Female,Single,Makati Corporate GSS Head Office (via Gil Puyat Ave),Remuneration Specialist (HR Admin II),48000.0,275.86,4.4,780.0,true,3,80,1,3,4,3,4,3,2,0,false
32,Male,Married,Makati Corporate GSS Head Office (via Gil Puyat Ave),Remuneration Specialist (HR Admin II),55000.0,316.09,4.4,780.0,true,3,80,2,3,1,2,4,3,2,1,false
25,Male,Married,Alabang Shared Services Data Center (via SLEX Southern Line),Remuneration Specialist (HR Admin II),65000.0,373.56,4.4,780.0,false,4,80,3,1,2,2,6,3,2,1,false
30,Female,Divorced,BGC Regional Operations Hub (via EDSA/Kalayaan),Remuneration Specialist (HR Admin II),48000.0,275.86,4.4,780.0,false,3,80,1,4,2,3,8,3,2,0,false
36,Female,Married,Alabang Shared Services Data Center (via SLEX Southern Line),Remuneration Specialist (HR Admin II),48000.0,275.86,4.4,780.0,false,2,80,1,3,1,2,11,3,2,0,false
38,Female,Single,Alabang Shared Services Data Center (via SLEX Southern Line),Remuneration Specialist (HR Admin II),55000.0,316.09,4.4,780.0,false,3,80,2,2,2,4,8,3,2,1,false
31,Female,Married,BGC Regional Operations Hub (via EDSA/Kalayaan),Shared Services Team Lead,72000.0,413.79,4.4,780.0,false,3,80,1,1,4,3,9,3,2,2,false
39,Female,Married,Alabang Shared Services Data Center (via SLEX Southern Line),Remuneration Specialist (HR Admin II),65000.0,373.56,4.4,780.0,false,1,80,3,1,3,3,10,3,2,1,false
50,Male,Divorced,Alabang Shared Services Data Center (via SLEX Southern Line),Shared Services Team Lead,72000.0,413.79,4.4,780.0,true,2,80,1,4,2,3,20,3,2,2,true
44,Female,Divorced,Makati Corporate GSS Head Office (via Gil Puyat Ave),Remuneration Specialist (HR Admin II),48000.0,275.86,4.4,780.0,true,3,80,1,2,3,2,9,4,3,1,false
59,Female,Single,Makati Corporate GSS Head Office (via Gil Puyat Ave),Remuneration Specialist (HR Admin II),65000.0,373.56,4.4,780.0,false,2,80,3,1,4,2,20,4,3,1,false
40,Male,Married,Makati Corporate GSS Head Office (via Gil Puyat Ave),Remuneration Specialist (HR Admin II),65000.0,373.56,4.4,780.0,true,1,80,4,2,3,2,6,4,3,0,false
29,Male,Married,Makati Corporate GSS Head Office (via Gil Puyat Ave),Remuneration Specialist (HR Admin II),65000.0,373.56,4.4,780.0,false,3,80,3,4,1,2,4,4,3,0,false
32,Male,Married,BGC Regional Operations Hub (via EDSA/Kalayaan),Remuneration Specialist (HR Admin II),65000.0,373.56,4.4,780.0,false,4,80,3,4,4,3,6,4,2,1,true
50,Male,Married,BGC Regional Operations Hub (via EDSA/Kalayaan),Remuneration Specialist (HR Admin II),65000.0,373.56,4.4,780.0,true,3,80,3,2,1,3,18,4,3,1,true
26,Male,Single,BGC Regional Operations Hub (via EDSA/Kalayaan),Remuneration Specialist (HR Admin II),48000.0,275.86,4.4,780.0,false,2,80,1,4,3,2,6,4,3,1,true
27,Male,Married,BGC Regional Operations Hub (via EDSA/Kalayaan),Remuneration Specialist (HR Admin II),65000.0,373.56,4.4,780.0,false,3,80,4,3,2,3,5,4,2,1,false
28,Male,Single,Alabang Shared Services Data Center (via SLEX Southern Line),Remuneration Specialist (HR Admin II),65000.0,373.56,4.4,780.0,false,3,80,4,1,2,3,4,4,2,0,false
43,Female,Single,BGC Regional Operations Hub (via EDSA/Kalayaan),Remuneration Specialist (HR Admin II),65000.0,373.56,4.4,780.0,false,1,80,3,1,2,2,7,4,3,1,true
30,Male,Divorced,Alabang Shared Services Data Center (via SLEX Southern Line),Remuneration Specialist (HR Admin II),48000.0,275.86,4.4,780.0,false,3,80,1,3,3,3,8,4,3,0,false
25,Male,Single,BGC Regional Operations Hub (via EDSA/Kalayaan),Remuneration Specialist (HR Admin II),65000.0,373.56,4.4,780.0,false,3,80,4,3,2,3,5,4,3,1,false
35,Female,Married,Alabang Shared Services Data Center (via SLEX Southern Line),Remuneration Specialist (HR Admin II),65000.0,373.56,4.4,780.0,true,3,80,3,4,3,2,5,4,2,3,true
51,Male,Married,Makati Corporate GSS Head Office (via Gil Puyat Ave),Shared Services Team Lead,75000.0,431.03,4.4,780.0,false,3,80,2,2,2,3,14,4,2,3,false
32,Male,Married,BGC Regional Operations Hub (via EDSA/Kalayaan),Remuneration Specialist (HR Admin II),65000.0,373.56,4.4,780.0,false,3,80,4,4,3,2,7,4,3,0,false
33,Male,Married,BGC Regional Operations Hub (via EDSA/Kalayaan),Remuneration Specialist (HR Admin II),48000.0,275.86,4.4,780.0,false,3,80,1,4,1,3,5,4,3,0,false
28,Male,Single,BGC Regional Operations Hub (via EDSA/Kalayaan),Remuneration Specialist (HR Admin II),48000.0,275.86,4.4,780.0,false,3,80,1,3,4,3,5,4,2,1,false
30,Male,Married,Alabang Shared Services Data Center (via SLEX Southern Line),Shared Services Team Lead,75000.0,431.03,4.4,780.0,false,3,80,2,3,2,3,9,4,2,1,false
32,Male,Married,Alabang Shared Services Data Center (via SLEX Southern Line),Shared Services Team Lead,90000.0,517.24,4.4,780.0,false,1,80,3,4,3,1,10,4,3,0,false
36,Male,Married,Alabang Shared Services Data Center (via SLEX Southern Line),Remuneration Specialist (HR Admin II),55000.0,316.09,4.4,780.0,false,2,80,2,3,3,1,12,4,2,1,false
34,Female,Married,Makati Corporate GSS Head Office (via Gil Puyat Ave),Remuneration Specialist (HR Admin II),65000.0,373.56,4.4,780.0,true,2,80,4,4,3,2,9,4,2,0,false
33,Female,Married,Makati Corporate GSS Head Office (via Gil Puyat Ave),Remuneration Specialist (HR Admin II),48000.0,275.86,4.4,780.0,false,4,80,1,3,1,3,10,5,3,1,false
28,Male,Married,Makati Corporate GSS Head Office (via Gil Puyat Ave),Remuneration Specialist (HR Admin II),65000.0,373.56,4.4,780.0,false,3,80,3,2,2,4,5,5,4,0,false
37,Male,Single,Makati Corporate GSS Head Office (via Gil Puyat Ave),Shared Services Team Lead,90000.0,517.24,4.4,780.0,false,3,80,4,3,1,3,12,5,3,1,false
45,Female,Divorced,Makati Corporate GSS Head Office (via Gil Puyat Ave),Remuneration Specialist (HR Admin II),48000.0,275.86,4.4,780.0,true,3,80,1,3,1,4,9,5,4,0,false
37,Male,Married,BGC Regional Operations Hub (via EDSA/Kalayaan),Remuneration Specialist (HR Admin II),65000.0,373.56,4.4,780.0,false,3,80,4,3,2,4,7,5,4,0,false
27,Male,Single,Makati Corporate GSS Head Office (via Gil Puyat Ave),Remuneration Specialist (HR Admin II),65000.0,373.56,4.4,780.0,true,3,80,3,4,1,3,5,5,4,0,false
27,Male,Married,Makati Corporate GSS Head Office (via Gil Puyat Ave),Remuneration Specialist (HR Admin II),55000.0,316.09,4.4,780.0,true,3,80,2,3,4,3,6,5,4,1,false
34,Male,Single,Alabang Shared Services Data Center (via SLEX Southern Line),Remuneration Specialist (HR Admin II),65000.0,373.56,4.4,780.0,true,4,80,4,1,2,2,9,5,2,0,true
24,Female,Divorced,BGC Regional Operations Hub (via EDSA/Kalayaan),Remuneration Specialist (HR Admin II),65000.0,373.56,4.4,780.0,true,3,80,3,4,4,4,5,5,2,0,false
40,Female,Divorced,Makati Corporate GSS Head Office (via Gil Puyat Ave),Remuneration Specialist (HR Admin II),55000.0,316.09,4.4,780.0,false,3,80,2,4,3,3,8,5,4,1,false
25,Female,Single,Makati Corporate GSS Head Office (via Gil Puyat Ave),Remuneration Specialist (HR Admin II),65000.0,373.56,4.4,780.0,true,2,80,4,2,2,3,5,5,4,1,false
30,Female,Single,BGC Regional Operations Hub (via EDSA/Kalayaan),Remuneration Specialist (HR Admin II),65000.0,373.56,4.4,780.0,false,3,80,3,2,2,3,6,5,4,4,false
35,Female,Single,Makati Corporate GSS Head Office (via Gil Puyat Ave),Remuneration Specialist (HR Admin II),65000.0,373.56,4.4,780.0,false,3,80,3,1,4,3,5,5,4,0,false
26,Male,Married,Alabang Shared Services Data Center (via SLEX Southern Line),Remuneration Specialist (HR Admin II),55000.0,316.09,4.4,780.0,false,3,80,2,1,4,4,6,5,3,1,false
33,Male,Divorced,BGC Regional Operations Hub (via EDSA/Kalayaan),Remuneration Specialist (HR Admin II),65000.0,373.56,4.4,780.0,false,3,80,3,3,4,3,6,5,0,1,false
47,Female,Single,Alabang Shared Services Data Center (via SLEX Southern Line),Remuneration Specialist (HR Admin II),65000.0,373.56,4.4,780.0,true,4,80,3,2,4,3,8,5,4,1,true
32,Male,Divorced,BGC Regional Operations Hub (via EDSA/Kalayaan),Remuneration Specialist (HR Admin II),65000.0,373.56,4.4,780.0,false,3,80,4,2,3,2,8,5,2,0,false
53,Female,Married,BGC Regional Operations Hub (via EDSA/Kalayaan),Shared Services Team Lead,90000.0,517.24,4.4,780.0,true,2,80,4,1,4,3,35,5,2,0,false
45,Male,Divorced,BGC Regional Operations Hub (via EDSA/Kalayaan),Shared Services Team Lead,72000.0,413.79,4.4,780.0,true,3,80,1,4,3,3,18,5,4,0,false
25,Male,Married,Makati Corporate GSS Head Office (via Gil Puyat Ave),Remuneration Specialist (HR Admin II),48000.0,275.86,4.4,780.0,true,3,80,1,3,4,3,5,5,3,0,false
25,Male,Married,Makati Corporate GSS Head Office (via Gil Puyat Ave),Remuneration Specialist (HR Admin II),48000.0,275.86,4.4,780.0,false,2,80,1,3,1,4,5,5,2,0,false
42,Female,Single,BGC Regional Operations Hub (via EDSA/Kalayaan),Remuneration Specialist (HR Admin II),65000.0,373.56,4.4,780.0,false,2,80,3,3,1,3,10,5,4,0,false
35,Female,Married,Alabang Shared Services Data Center (via SLEX Southern Line),Remuneration Specialist (HR Admin II),65000.0,373.56,4.4,780.0,false,3,80,3,3,2,3,5,5,2,1,false
38,Female,Single,BGC Regional Operations Hub (via EDSA/Kalayaan),Remuneration Specialist (HR Admin II),65000.0,373.56,4.4,780.0,true,3,80,4,3,2,3,6,5,3,1,false
35,Male,Divorced,BGC Regional Operations Hub (via EDSA/Kalayaan),Remuneration Specialist (HR Admin II),65000.0,373.56,4.4,780.0,false,3,80,4,4,4,3,5,5,2,0,false
33,Female,Single,BGC Regional Operations Hub (via EDSA/Kalayaan),Remuneration Specialist (HR Admin II),48000.0,275.86,4.4,780.0,true,3,80,1,1,1,3,6,5,2,0,true
40,Female,Divorced,BGC Regional Operations Hub (via EDSA/Kalayaan),Remuneration Specialist (HR Admin II),55000.0,316.09,4.4,780.0,false,2,80,2,2,2,4,7,5,1,1,false
40,Male,Single,Alabang Shared Services Data Center (via SLEX Southern Line),Shared Services Team Lead,75000.0,431.03,4.4,780.0,true,2,80,2,4,3,3,9,5,4,1,true
28,Male,Married,Alabang Shared Services Data Center (via SLEX Southern Line),Remuneration Specialist (HR Admin II),48000.0,275.86,4.4,780.0,false,2,80,1,3,3,3,5,5,3,0,false
39,Male,Married,Alabang Shared Services Data Center (via SLEX Southern Line),Remuneration Specialist (HR Admin II),65000.0,373.56,4.4,780.0,true,2,80,4,1,4,4,8,5,4,1,false
33,Male,Married,Alabang Shared Services Data Center (via SLEX Southern Line),Remuneration Specialist (HR Admin II),65000.0,373.56,4.4,780.0,false,3,80,4,2,1,4,8,5,4,1,false
36,Female,Single,Makati Corporate GSS Head Office (via Gil Puyat Ave),Remuneration Specialist (HR Admin II),55000.0,316.09,4.4,780.0,true,3,80,2,1,4,3,15,5,4,0,false
24,Female,Married,Makati Corporate GSS Head Office (via Gil Puyat Ave),Remuneration Specialist (HR Admin II),65000.0,373.56,4.4,780.0,true,3,80,3,4,3,3,5,5,4,0,false
28,Male,Single,Alabang Shared Services Data Center (via SLEX Southern Line),Remuneration Specialist (HR Admin II),48000.0,275.86,4.4,780.0,false,3,80,1,4,4,3,6,5,4,1,false
29,Female,Single,BGC Regional Operations Hub (via EDSA/Kalayaan),Remuneration Specialist (HR Admin II),55000.0,316.09,4.4,780.0,false,3,80,2,1,1,1,7,5,3,0,true
47,Female,Married,BGC Regional Operations Hub (via EDSA/Kalayaan),Remuneration Specialist (HR Admin II),65000.0,373.56,4.4,780.0,true,3,80,3,3,3,2,11,5,4,1,false
40,Female,Married,BGC Regional Operations Hub (via EDSA/Kalayaan),Remuneration Specialist (HR Admin II),48000.0,275.86,4.4,780.0,false,3,80,1,4,3,3,5,5,4,1,false
31,Male,Single,Makati Corporate GSS Head Office (via Gil Puyat Ave),Remuneration Specialist (HR Admin II),48000.0,275.86,4.4,780.0,false,3,80,1,4,4,3,10,5,2,0,false
29,Male,Single,BGC Regional Operations Hub (via EDSA/Kalayaan),Remuneration Specialist (HR Admin II),65000.0,373.56,4.4,780.0,false,2,80,3,3,3,3,8,5,2,1,false
31,Male,Married,Alabang Shared Services Data Center (via SLEX Southern Line),Remuneration Specialist (HR Admin II),65000.0,373.56,4.4,780.0,false,3,80,3,1,3,3,6,5,2,0,false
49,Female,Single,BGC Regional Operations Hub (via EDSA/Kalayaan),Remuneration Specialist (HR Admin II),65000.0,373.56,4.4,780.0,false,3,80,4,4,3,4,8,5,1,0,false
37,Male,Married,BGC Regional Operations Hub (via EDSA/Kalayaan),Remuneration Specialist (HR Admin II),55000.0,316.09,4.4,780.0,false,2,80,2,2,1,3,5,5,2,0,false
26,Male,Single,BGC Regional Operations Hub (via EDSA/Kalayaan),Remuneration Specialist (HR Admin II),65000.0,373.56,4.4,780.0,false,3,80,4,3,1,3,5,5,3,1,false
34,Male,Married,Makati Corporate GSS Head Office (via Gil Puyat Ave),Shared Services Team Lead,90000.0,517.24,4.4,780.0,true,3,80,4,3,4,3,9,5,3,1,false
41,Female,Married,BGC Regional Operations Hub (via EDSA/Kalayaan),Remuneration Specialist (HR Admin II),55000.0,316.09,4.4,780.0,false,3,80,2,3,3,3,14,5,4,1,false
31,Female,Divorced,BGC Regional Operations Hub (via EDSA/Kalayaan),Remuneration Specialist (HR Admin II),65000.0,373.56,4.4,780.0,true,3,80,4,3,4,3,8,5,2,1,false
35,Male,Married,Alabang Shared Services Data Center (via SLEX Southern Line),Remuneration Specialist (HR Admin II),48000.0,275.86,4.4,780.0,false,3,80,1,2,4,1,6,5,3,0,false
25,Female,Divorced,BGC Regional Operations Hub (via EDSA/Kalayaan),Remuneration Specialist (HR Admin II),65000.0,373.56,4.4,780.0,true,3,80,3,1,2,2,6,5,3,0,false
41,Male,Divorced,Makati Corporate GSS Head Office (via Gil Puyat Ave),Remuneration Specialist (HR Admin II),55000.0,316.09,4.4,780.0,false,2,80,2,3,3,3,14,5,4,0,false
45,Female,Single,Alabang Shared Services Data Center (via SLEX Southern Line),Remuneration Specialist (HR Admin II),65000.0,373.56,4.4,780.0,false,3,80,3,4,3,3,8,5,3,0,false
41,Female,Single,Makati Corporate GSS Head Office (via Gil Puyat Ave),Remuneration Specialist (HR Admin II),65000.0,373.56,4.4,780.0,true,3,80,4,2,1,1,8,6,4,0,true
25,Male,Single,Alabang Shared Services Data Center (via SLEX Southern Line),Remuneration Specialist (HR Admin II),65000.0,373.56,4.4,780.0,true,2,80,3,3,4,3,6,6,4,0,true
30,Female,Single,Alabang Shared Services Data Center (via SLEX Southern Line),Remuneration Specialist (HR Admin II),48000.0,275.86,4.4,780.0,false,2,80,1,3,3,2,9,6,3,0,true
54,Female,Married,Makati Corporate GSS Head Office (via Gil Puyat Ave),Remuneration Specialist (HR Admin II),48000.0,275.86,4.4,780.0,false,3,80,1,4,4,3,16,6,2,0,false
40,Male,Married,Alabang Shared Services Data Center (via SLEX Southern Line),Remuneration Specialist (HR Admin II),65000.0,373.56,4.4,780.0,true,2,80,3,3,1,3,8,6,4,1,true
31,Male,Single,Makati Corporate GSS Head Office (via Gil Puyat Ave),Remuneration Specialist (HR Admin II),65000.0,373.56,4.4,780.0,true,3,80,4,2,3,4,10,6,5,0,false
29,Female,Married,Makati Corporate GSS Head Office (via Gil Puyat Ave),Remuneration Specialist (HR Admin II),65000.0,373.56,4.4,780.0,false,3,80,3,2,1,2,6,6,0,1,false
27,Female,Divorced,Makati Corporate GSS Head Office (via Gil Puyat Ave),Remuneration Specialist (HR Admin II),65000.0,373.56,4.4,780.0,true,4,80,4,4,2,3,6,6,5,0,false
25,Female,Single,Alabang Shared Services Data Center (via SLEX Southern Line),Remuneration Specialist (HR Admin II),65000.0,373.56,4.4,780.0,false,3,80,4,3,2,2,6,6,5,1,false
34,Male,Single,Makati Corporate GSS Head Office (via Gil Puyat Ave),Remuneration Specialist (HR Admin II),65000.0,373.56,4.4,780.0,false,3,80,4,4,3,3,6,6,5,1,false
34,Female,Married,BGC Regional Operations Hub (via EDSA/Kalayaan),Remuneration Specialist (HR Admin II),65000.0,373.56,4.4,780.0,false,3,80,3,2,1,2,6,6,5,1,false
42,Male,Single,Makati Corporate GSS Head Office (via Gil Puyat Ave),Remuneration Specialist (HR Admin II),48000.0,275.86,4.4,780.0,false,3,80,1,2,4,4,9,6,4,1,false
59,Female,Single,Makati Corporate GSS Head Office (via Gil Puyat Ave),Remuneration Specialist (HR Admin II),65000.0,373.56,4.4,780.0,false,2,80,4,3,4,3,13,6,1,0,false
27,Male,Single,Makati Corporate GSS Head Office (via Gil Puyat Ave),Remuneration Specialist (HR Admin II),65000.0,373.56,4.4,780.0,false,1,80,4,4,2,3,8,6,2,0,false
27,Female,Married,BGC Regional Operations Hub (via EDSA/Kalayaan),Remuneration Specialist (HR Admin II),65000.0,373.56,4.4,780.0,true,2,80,4,4,4,3,6,6,2,4,false
33,Male,Divorced,Makati Corporate GSS Head Office (via Gil Puyat Ave),Remuneration Specialist (HR Admin II),65000.0,373.56,4.4,780.0,false,3,80,4,4,3,3,6,6,2,0,false
33,Female,Divorced,Alabang Shared Services Data Center (via SLEX Southern Line),Remuneration Specialist (HR Admin II),65000.0,373.56,4.4,780.0,true,3,80,4,3,3,3,7,6,5,1,false
37,Male,Divorced,Makati Corporate GSS Head Office (via Gil Puyat Ave),Remuneration Specialist (HR Admin II),65000.0,373.56,4.4,780.0,false,1,80,4,3,3,2,6,6,3,1,false
50,Male,Divorced,Makati Corporate GSS Head Office (via Gil Puyat Ave),Remuneration Specialist (HR Admin II),65000.0,373.56,4.4,780.0,false,3,80,3,2,4,3,12,6,3,0,true
36,Female,Married,BGC Regional Operations Hub (via EDSA/Kalayaan),Remuneration Specialist (HR Admin II),65000.0,373.56,4.4,780.0,false,2,80,4,2,1,2,8,6,3,0,false
33,Male,Married,Alabang Shared Services Data Center (via SLEX Southern Line),Remuneration Specialist (HR Admin II),55000.0,316.09,4.4,780.0,false,3,80,2,3,1,4,8,7,7,0,false
31,Male,Married,BGC Regional Operations Hub (via EDSA/Kalayaan),Remuneration Specialist (HR Admin II),65000.0,373.56,4.4,780.0,true,1,80,3,2,2,2,12,7,7,7,true
27,Female,Single,Alabang Shared Services Data Center (via SLEX Southern Line),Remuneration Specialist (HR Admin II),65000.0,373.56,4.4,780.0,false,3,80,3,4,4,3,7,7,7,0,false
31,Male,Divorced,BGC Regional Operations Hub (via EDSA/Kalayaan),Remuneration Specialist (HR Admin II),65000.0,373.56,4.4,780.0,false,3,80,4,4,4,3,13,7,7,1,false
33,Male,Single,BGC Regional Operations Hub (via EDSA/Kalayaan),Remuneration Specialist (HR Admin II),65000.0,373.56,4.4,780.0,false,2,80,4,2,3,2,9,7,7,0,false
29,Female,Divorced,BGC Regional Operations Hub (via EDSA/Kalayaan),Remuneration Specialist (HR Admin II),55000.0,316.09,4.4,780.0,true,2,80,2,4,1,3,7,7,7,1,false
28,Male,Single,BGC Regional Operations Hub (via EDSA/Kalayaan),Remuneration Specialist (HR Admin II),65000.0,373.56,4.4,780.0,false,3,80,4,2,4,3,7,7,5,0,false
51,Female,Married,BGC Regional Operations Hub (via EDSA/Kalayaan),Remuneration Specialist (HR Admin II),65000.0,373.56,4.4,780.0,false,3,80,4,3,3,2,18,7,7,0,false
56,Female,Married,BGC Regional Operations Hub (via EDSA/Kalayaan),GSS Operations Director (Head),120000.0,862.07,4.4,780.0,false,4,80,1,3,4,2,36,7,7,7,false
31,Male,Divorced,BGC Regional Operations Hub (via EDSA/Kalayaan),Remuneration Specialist (HR Admin II),65000.0,373.56,4.4,780.0,false,4,80,4,1,4,4,13,7,7,5,false
38,Female,Single,BGC Regional Operations Hub (via EDSA/Kalayaan),Remuneration Specialist (HR Admin II),65000.0,373.56,4.4,780.0,false,2,80,4,4,1,3,8,7,7,0,false
47,Male,Single,BGC Regional Operations Hub (via EDSA/Kalayaan),Remuneration Specialist (HR Admin II),48000.0,275.86,4.4,780.0,false,3,80,1,4,4,3,20,7,7,1,false
47,Female,Married,Makati Corporate GSS Head Office (via Gil Puyat Ave),Remuneration Specialist (HR Admin II),65000.0,373.56,4.4,780.0,true,3,80,4,3,1,3,8,7,6,7,false
26,Male,Single,Makati Corporate GSS Head Office (via Gil Puyat Ave),Remuneration Specialist (HR Admin II),48000.0,275.86,4.4,780.0,false,2,80,1,3,2,3,7,7,7,0,false
36,Male,Divorced,BGC Regional Operations Hub (via EDSA/Kalayaan),Remuneration Specialist (HR Admin II),65000.0,373.56,4.4,780.0,false,3,80,4,1,4,3,12,7,7,0,false
40,Male,Married,Alabang Shared Services Data Center (via SLEX Southern Line),Remuneration Specialist (HR Admin II),48000.0,275.86,4.4,780.0,false,3,80,1,3,2,2,8,7,7,7,false
35,Male,Married,Alabang Shared Services Data Center (via SLEX Southern Line),Remuneration Specialist (HR Admin II),48000.0,275.86,4.4,780.0,true,3,80,1,3,4,3,15,7,7,1,false
38,Female,Divorced,Makati Corporate GSS Head Office (via Gil Puyat Ave),Remuneration Specialist (HR Admin II),48000.0,275.86,4.4,780.0,false,3,80,1,2,4,3,11,7,7,1,false
46,Male,Divorced,BGC Regional Operations Hub (via EDSA/Kalayaan),Shared Services Team Lead,90000.0,517.24,4.4,780.0,false,3,80,4,1,1,4,28,7,7,4,true
39,Male,Married,BGC Regional Operations Hub (via EDSA/Kalayaan),Shared Services Team Lead,90000.0,517.24,4.4,780.0,false,4,80,3,4,1,3,11,7,6,7,false
30,Male,Divorced,BGC Regional Operations Hub (via EDSA/Kalayaan),Shared Services Team Lead,72000.0,413.79,4.4,780.0,false,2,80,1,3,1,3,12,7,7,1,false
43,Male,Married,Makati Corporate GSS Head Office (via Gil Puyat Ave),Remuneration Specialist (HR Admin II),65000.0,373.56,4.4,780.0,false,3,80,4,1,3,3,7,7,7,7,false
28,Male,Married,Makati Corporate GSS Head Office (via Gil Puyat Ave),Remuneration Specialist (HR Admin II),65000.0,373.56,4.4,780.0,true,2,80,4,3,3,3,7,7,7,0,false
27,Male,Single,BGC Regional Operations Hub (via EDSA/Kalayaan),Remuneration Specialist (HR Admin II),65000.0,373.56,4.4,780.0,false,3,80,4,4,1,3,7,7,7,0,false
32,Male,Divorced,BGC Regional Operations Hub (via EDSA/Kalayaan),Remuneration Specialist (HR Admin II),65000.0,373.56,4.4,780.0,false,1,80,4,4,4,4,9,8,7,0,false
38,Female,Single,Makati Corporate GSS Head Office (via Gil Puyat Ave),Remuneration Specialist (HR Admin II),65000.0,373.56,4.4,780.0,false,2,80,4,1,3,4,12,8,3,0,false
38,Male,Married,Makati Corporate GSS Head Office (via Gil Puyat Ave),Remuneration Specialist (HR Admin II),65000.0,373.56,4.4,780.0,false,2,80,4,4,4,3,13,8,7,7,false
38,Female,Divorced,BGC Regional Operations Hub (via EDSA/Kalayaan),Remuneration Specialist (HR Admin II),48000.0,275.86,4.4,780.0,true,4,80,1,1,3,3,8,8,0,7,false
26,Male,Single,Makati Corporate GSS Head Office (via Gil Puyat Ave),Remuneration Specialist (HR Admin II),65000.0,373.56,4.4,780.0,true,2,80,4,4,2,3,8,8,7,7,true
31,Male,Married,BGC Regional Operations Hub (via EDSA/Kalayaan),Remuneration Specialist (HR Admin II),65000.0,373.56,4.4,780.0,false,4,80,4,2,2,2,10,8,7,7,false
27,Female,Married,BGC Regional Operations Hub (via EDSA/Kalayaan),Remuneration Specialist (HR Admin II),55000.0,316.09,4.4,780.0,false,3,80,2,2,1,3,8,8,7,0,false
26,Male,Married,Makati Corporate GSS Head Office (via Gil Puyat Ave),Remuneration Specialist (HR Admin II),65000.0,373.56,4.4,780.0,false,3,80,3,3,2,3,8,8,7,7,false
41,Male,Single,Makati Corporate GSS Head Office (via Gil Puyat Ave),Remuneration Specialist (HR Admin II),55000.0,316.09,4.4,780.0,false,3,80,2,1,3,3,8,8,7,7,true
45,Male,Married,Makati Corporate GSS Head Office (via Gil Puyat Ave),Remuneration Specialist (HR Admin II),55000.0,316.09,4.4,780.0,false,3,80,2,4,2,4,9,8,7,3,false
30,Male,Divorced,Alabang Shared Services Data Center (via SLEX Southern Line),Remuneration Specialist (HR Admin II),65000.0,373.56,4.4,780.0,false,3,80,4,3,4,2,10,8,7,7,false
28,Female,Married,Makati Corporate GSS Head Office (via Gil Puyat Ave),Remuneration Specialist (HR Admin II),55000.0,316.09,4.4,780.0,true,3,80,2,2,1,3,8,8,7,7,false
30,Male,Divorced,BGC Regional Operations Hub (via EDSA/Kalayaan),Shared Services Team Lead,90000.0,517.24,4.4,780.0,false,3,80,3,3,1,4,10,8,4,7,false
39,Male,Single,Makati Corporate GSS Head Office (via Gil Puyat Ave),Shared Services Team Lead,90000.0,517.24,4.4,780.0,false,4,80,3,1,4,3,9,8,7,0,false
35,Male,Single,Makati Corporate GSS Head Office (via Gil Puyat Ave),Shared Services Team Lead,72000.0,413.79,4.4,780.0,true,3,80,1,4,1,3,9,8,7,4,true
38,Male,Divorced,BGC Regional Operations Hub (via EDSA/Kalayaan),Shared Services Team Lead,90000.0,517.24,4.4,780.0,true,2,80,3,3,2,3,9,8,7,2,false
52,Male,Single,Alabang Shared Services Data Center (via SLEX Southern Line),Shared Services Team Lead,75000.0,431.03,4.4,780.0,true,3,80,2,2,3,2,10,8,7,7,true
40,Male,Married,BGC Regional Operations Hub (via EDSA/Kalayaan),Remuneration Specialist (HR Admin II),48000.0,275.86,4.4,780.0,false,3,80,1,1,4,4,9,8,4,7,false
48,Female,Divorced,Alabang Shared Services Data Center (via SLEX Southern Line),Remuneration Specialist (HR Admin II),65000.0,373.56,4.4,780.0,false,3,80,3,3,3,3,18,8,7,7,false
45,Female,Married,Makati Corporate GSS Head Office (via Gil Puyat Ave),Remuneration Specialist (HR Admin II),65000.0,373.56,4.4,780.0,false,3,80,3,3,2,4,10,8,7,5,false
46,Female,Married,BGC Regional Operations Hub (via EDSA/Kalayaan),Shared Services Team Lead,75000.0,431.03,4.4,780.0,false,3,80,2,3,3,3,14,8,7,0,true
27,Female,Single,Makati Corporate GSS Head Office (via Gil Puyat Ave),Remuneration Specialist (HR Admin II),65000.0,373.56,4.4,780.0,false,4,80,3,1,2,2,9,8,7,0,false
34,Male,Divorced,BGC Regional Operations Hub (via EDSA/Kalayaan),Shared Services Team Lead,90000.0,517.24,4.4,780.0,false,3,80,3,4,3,2,9,8,7,1,false
34,Female,Married,Alabang Shared Services Data Center (via SLEX Southern Line),Remuneration Specialist (HR Admin II),65000.0,373.56,4.4,780.0,false,2,80,3,4,4,3,8,8,7,1,false
42,Male,Married,BGC Regional Operations Hub (via EDSA/Kalayaan),Remuneration Specialist (HR Admin II),55000.0,316.09,4.4,780.0,false,3,80,2,3,4,3,10,9,7,4,false
27,Male,Single,BGC Regional Operations Hub (via EDSA/Kalayaan),Shared Services Team Lead,90000.0,517.24,4.4,780.0,false,3,80,3,4,4,3,9,9,8,1,false
34,Male,Single,Alabang Shared Services Data Center (via SLEX Southern Line),Remuneration Specialist (HR Admin II),65000.0,373.56,4.4,780.0,false,3,80,3,2,3,3,10,9,5,8,false
46,Male,Single,Alabang Shared Services Data Center (via SLEX Southern Line),Remuneration Specialist (HR Admin II),65000.0,373.56,4.4,780.0,true,3,80,4,1,3,3,14,9,6,0,false
35,Male,Married,Alabang Shared Services Data Center (via SLEX Southern Line),Shared Services Team Lead,72000.0,413.79,4.4,780.0,false,3,80,1,2,4,2,9,9,8,1,false
46,Male,Single,BGC Regional Operations Hub (via EDSA/Kalayaan),Shared Services Team Lead,90000.0,517.24,4.4,780.0,false,2,80,4,3,4,3,9,9,8,4,true
36,Female,Married,BGC Regional Operations Hub (via EDSA/Kalayaan),Shared Services Team Lead,90000.0,517.24,4.4,780.0,false,3,80,4,2,3,3,10,9,7,2,false
41,Male,Divorced,BGC Regional Operations Hub (via EDSA/Kalayaan),Shared Services Team Lead,90000.0,517.24,4.4,780.0,true,3,80,3,3,3,3,12,9,7,0,false
32,Female,Single,BGC Regional Operations Hub (via EDSA/Kalayaan),Shared Services Team Lead,90000.0,517.24,4.4,780.0,false,3,80,4,2,4,3,9,9,8,3,false
30,Female,Married,Alabang Shared Services Data Center (via SLEX Southern Line),Shared Services Team Lead,72000.0,413.79,4.4,780.0,false,3,80,1,3,3,3,10,9,8,7,false
48,Female,Married,Makati Corporate GSS Head Office (via Gil Puyat Ave),Remuneration Specialist (HR Admin II),65000.0,373.56,4.4,780.0,false,3,80,4,2,1,3,14,9,7,6,false
37,Male,Divorced,BGC Regional Operations Hub (via EDSA/Kalayaan),Shared Services Team Lead,75000.0,431.03,4.4,780.0,false,3,80,2,1,4,3,9,9,5,7,false
49,Female,Married,BGC Regional Operations Hub (via EDSA/Kalayaan),Shared Services Team Lead,90000.0,517.24,4.4,780.0,false,3,80,4,3,1,4,9,9,8,7,true
55,Male,Single,Makati Corporate GSS Head Office (via Gil Puyat Ave),Remuneration Specialist (HR Admin II),65000.0,373.56,4.4,780.0,false,3,80,4,3,3,2,12,9,7,7,true
33,Male,Divorced,Makati Corporate GSS Head Office (via Gil Puyat Ave),Remuneration Specialist (HR Admin II),48000.0,275.86,4.4,780.0,false,4,80,1,1,1,3,9,9,8,0,false
31,Female,Married,Alabang Shared Services Data Center (via SLEX Southern Line),Remuneration Specialist (HR Admin II),65000.0,373.56,4.4,780.0,false,3,80,3,4,4,2,9,9,8,0,false
47,Female,Single,Makati Corporate GSS Head Office (via Gil Puyat Ave),Remuneration Specialist (HR Admin II),65000.0,373.56,4.4,780.0,true,3,80,4,4,3,3,9,9,0,0,false
54,Female,Married,Makati Corporate GSS Head Office (via Gil Puyat Ave),Shared Services Team Lead,90000.0,517.24,4.4,780.0,false,2,80,3,3,2,3,13,9,4,7,false
49,Male,Married,BGC Regional Operations Hub (via EDSA/Kalayaan),GSS Operations Director (Head),150000.0,862.07,4.4,780.0,false,2,80,2,4,2,3,22,9,8,2,false
33,Male,Divorced,BGC Regional Operations Hub (via EDSA/Kalayaan),Shared Services Team Lead,90000.0,517.24,4.4,780.0,true,4,80,3,4,4,3,10,9,8,0,false
41,Female,Divorced,Makati Corporate GSS Head Office (via Gil Puyat Ave),Remuneration Specialist (HR Admin II),48000.0,275.86,4.4,780.0,false,3,80,1,3,4,3,10,9,3,1,false
38,Male,Married,BGC Regional Operations Hub (via EDSA/Kalayaan),Remuneration Specialist (HR Admin II),55000.0,316.09,4.4,780.0,false,3,80,2,3,4,3,10,9,8,7,false
36,Female,Married,Makati Corporate GSS Head Office (via Gil Puyat Ave),Shared Services Team Lead,90000.0,517.24,4.4,780.0,false,2,80,4,1,3,3,10,9,7,3,false
49,Male,Married,Makati Corporate GSS Head Office (via Gil Puyat Ave),Remuneration Specialist (HR Admin II),55000.0,316.09,4.4,780.0,false,2,80,2,4,4,2,17,9,6,0,false
51,Male,Single,Alabang Shared Services Data Center (via SLEX Southern Line),Remuneration Specialist (HR Admin II),65000.0,373.56,4.4,780.0,true,3,80,4,3,4,1,11,10,7,1,false
35,Male,Married,Makati Corporate GSS Head Office (via Gil Puyat Ave),Shared Services Team Lead,75000.0,431.03,4.4,780.0,false,3,80,2,3,1,3,10,10,8,0,false
30,Female,Married,Alabang Shared Services Data Center (via SLEX Southern Line),Shared Services Team Lead,90000.0,517.24,4.4,780.0,false,3,80,4,2,3,3,12,10,9,7,false
29,Female,Married,Alabang Shared Services Data Center (via SLEX Southern Line),Shared Services Team Lead,90000.0,517.24,4.4,780.0,false,3,80,4,2,4,2,10,10,4,1,true
35,Female,Single,Makati Corporate GSS Head Office (via Gil Puyat Ave),Shared Services Team Lead,90000.0,517.24,4.4,780.0,false,3,80,3,3,1,4,10,10,7,0,false
29,Male,Single,Makati Corporate GSS Head Office (via Gil Puyat Ave),Remuneration Specialist (HR Admin II),65000.0,373.56,4.4,780.0,false,3,80,4,2,1,2,10,10,7,0,false
30,Female,Divorced,Alabang Shared Services Data Center (via SLEX Southern Line),Remuneration Specialist (HR Admin II),65000.0,373.56,4.4,780.0,false,2,80,3,4,3,3,10,10,9,1,false
36,Male,Married,Makati Corporate GSS Head Office (via Gil Puyat Ave),Shared Services Team Lead,90000.0,517.24,4.4,780.0,false,2,80,3,2,2,3,10,10,9,9,false
41,Male,Married,Makati Corporate GSS Head Office (via Gil Puyat Ave),Shared Services Team Lead,72000.0,413.79,4.4,780.0,false,4,80,1,2,3,3,10,10,7,0,false
36,Male,Single,BGC Regional Operations Hub (via EDSA/Kalayaan),Shared Services Team Lead,90000.0,517.24,4.4,780.0,false,3,80,4,2,4,2,10,10,3,9,false
34,Male,Single,Alabang Shared Services Data Center (via SLEX Southern Line),Remuneration Specialist (HR Admin II),65000.0,373.56,4.4,780.0,false,4,80,4,4,4,3,10,10,7,5,false
32,Male,Single,BGC Regional Operations Hub (via EDSA/Kalayaan),Remuneration Specialist (HR Admin II),65000.0,373.56,4.4,780.0,false,3,80,4,4,4,2,10,10,7,0,false
36,Male,Single,BGC Regional Operations Hub (via EDSA/Kalayaan),Shared Services Team Lead,72000.0,413.79,4.4,780.0,false,2,80,1,1,2,3,10,10,7,0,false
32,Male,Married,Alabang Shared Services Data Center (via SLEX Southern Line),Remuneration Specialist (HR Admin II),55000.0,316.09,4.4,780.0,false,3,80,2,2,4,3,10,10,8,5,false
37,Male,Single,Alabang Shared Services Data Center (via SLEX Southern Line),Shared Services Team Lead,75000.0,431.03,4.4,780.0,true,3,80,2,1,4,3,10,10,0,0,false
35,Male,Divorced,Makati Corporate GSS Head Office (via Gil Puyat Ave),Shared Services Team Lead,90000.0,517.24,4.4,780.0,false,3,80,4,4,2,3,12,10,9,0,false
30,Male,Married,BGC Regional Operations Hub (via EDSA/Kalayaan),Remuneration Specialist (HR Admin II),65000.0,373.56,4.4,780.0,false,2,80,3,3,1,3,10,10,3,1,false
33,Female,Married,Alabang Shared Services Data Center (via SLEX Southern Line),Remuneration Specialist (HR Admin II),65000.0,373.56,4.4,780.0,false,3,80,3,2,1,2,10,10,7,0,false
32,Male,Married,BGC Regional Operations Hub (via EDSA/Kalayaan),Remuneration Specialist (HR Admin II),65000.0,373.56,4.4,780.0,false,4,80,4,3,3,4,10,10,7,0,false
31,Female,Divorced,Makati Corporate GSS Head Office (via Gil Puyat Ave),Shared Services Team Lead,90000.0,517.24,4.4,780.0,true,3,80,3,4,1,2,10,10,8,9,false
34,Female,Single,BGC Regional Operations Hub (via EDSA/Kalayaan),Remuneration Specialist (HR Admin II),48000.0,275.86,4.4,780.0,false,3,80,1,3,4,4,10,10,8,9,false
29,Male,Divorced,Alabang Shared Services Data Center (via SLEX Southern Line),Remuneration Specialist (HR Admin II),65000.0,373.56,4.4,780.0,false,2,80,3,3,3,3,10,10,7,0,false
34,Male,Married,Makati Corporate GSS Head Office (via Gil Puyat Ave),Shared Services Team Lead,90000.0,517.24,4.4,780.0,true,2,80,3,4,4,3,10,10,9,8,false
30,Male,Married,Makati Corporate GSS Head Office (via Gil Puyat Ave),Remuneration Specialist (HR Admin II),48000.0,275.86,4.4,780.0,false,2,80,1,2,4,3,10,10,8,6,true
45,Male,Married,Alabang Shared Services Data Center (via SLEX Southern Line),Remuneration Specialist (HR Admin II),48000.0,275.86,4.4,780.0,false,2,80,1,1,1,3,10,10,7,4,false
29,Male,Divorced,Alabang Shared Services Data Center (via SLEX Southern Line),Remuneration Specialist (HR Admin II),55000.0,316.09,4.4,780.0,true,2,80,2,1,2,2,10,10,0,0,false
31,Female,Married,Alabang Shared Services Data Center (via SLEX Southern Line),Remuneration Specialist (HR Admin II),65000.0,373.56,4.4,780.0,false,3,80,4,1,1,3,10,10,0,0,false
43,Male,Married,Makati Corporate GSS Head Office (via Gil Puyat Ave),Remuneration Specialist (HR Admin II),65000.0,373.56,4.4,780.0,true,3,80,4,4,1,3,10,10,9,8,false
41,Male,Single,BGC Regional Operations Hub (via EDSA/Kalayaan),Shared Services Team Lead,90000.0,517.24,4.4,780.0,false,3,80,3,4,2,3,10,10,8,8,false
46,Male,Divorced,Makati Corporate GSS Head Office (via Gil Puyat Ave),Shared Services Team Lead,90000.0,517.24,4.4,780.0,true,3,80,4,3,2,2,13,10,6,0,false
35,Male,Single,Alabang Shared Services Data Center (via SLEX Southern Line),Remuneration Specialist (HR Admin II),65000.0,373.56,4.4,780.0,true,3,80,4,3,4,3,10,10,7,7,true
34,Male,Married,BGC Regional Operations Hub (via EDSA/Kalayaan),Remuneration Specialist (HR Admin II),65000.0,373.56,4.4,780.0,false,4,80,3,2,3,3,10,10,8,4,false
36,Female,Married,BGC Regional Operations Hub (via EDSA/Kalayaan),Remuneration Specialist (HR Admin II),65000.0,373.56,4.4,780.0,true,2,80,3,2,1,3,10,10,9,1,false
33,Male,Single,BGC Regional Operations Hub (via EDSA/Kalayaan),Remuneration Specialist (HR Admin II),65000.0,373.56,4.4,780.0,false,3,80,3,2,2,2,10,10,4,0,false
35,Female,Married,BGC Regional Operations Hub (via EDSA/Kalayaan),Remuneration Specialist (HR Admin II),65000.0,373.56,4.4,780.0,true,3,80,4,3,4,3,10,10,8,0,false
31,Male,Married,Alabang Shared Services Data Center (via SLEX Southern Line),Remuneration Specialist (HR Admin II),65000.0,373.56,4.4,780.0,true,3,80,4,1,3,3,10,10,7,0,true
38,Female,Married,BGC Regional Operations Hub (via EDSA/Kalayaan),Remuneration Specialist (HR Admin II),65000.0,373.56,4.4,780.0,false,3,80,4,1,3,3,10,10,7,1,false
30,Female,Divorced,Makati Corporate GSS Head Office (via Gil Puyat Ave),Remuneration Specialist (HR Admin II),55000.0,316.09,4.4,780.0,true,2,80,2,3,2,2,11,11,8,2,false
32,Male,Single,BGC Regional Operations Hub (via EDSA/Kalayaan),Remuneration Specialist (HR Admin II),65000.0,373.56,4.4,780.0,false,3,80,3,2,1,3,12,11,8,5,false
29,Female,Married,Makati Corporate GSS Head Office (via Gil Puyat Ave),Shared Services Team Lead,90000.0,517.24,4.4,780.0,false,3,80,4,2,4,3,11,11,10,4,false
35,Male,Married,Alabang Shared Services Data Center (via SLEX Southern Line),Shared Services Team Lead,75000.0,431.03,4.4,780.0,false,3,80,2,3,3,2,12,11,9,6,false
35,Male,Married,Makati Corporate GSS Head Office (via Gil Puyat Ave),Remuneration Specialist (HR Admin II),65000.0,373.56,4.4,780.0,false,3,80,3,2,3,3,15,11,9,6,false
29,Female,Married,Alabang Shared Services Data Center (via SLEX Southern Line),Shared Services Team Lead,72000.0,413.79,4.4,780.0,false,2,80,1,4,1,1,11,11,8,3,true
60,Male,Divorced,BGC Regional Operations Hub (via EDSA/Kalayaan),Remuneration Specialist (HR Admin II),65000.0,373.56,4.4,780.0,true,4,80,4,2,2,3,12,11,7,1,false
35,Male,Single,BGC Regional Operations Hub (via EDSA/Kalayaan),Remuneration Specialist (HR Admin II),65000.0,373.56,4.4,780.0,true,3,80,4,4,1,4,13,11,9,6,true
33,Female,Single,Makati Corporate GSS Head Office (via Gil Puyat Ave),Remuneration Specialist (HR Admin II),55000.0,316.09,4.4,780.0,false,3,80,2,4,4,2,13,11,7,1,false
40,Female,Married,Makati Corporate GSS Head Office (via Gil Puyat Ave),Remuneration Specialist (HR Admin II),55000.0,316.09,4.4,780.0,false,3,80,2,2,3,3,15,11,8,5,false
40,Male,Married,Makati Corporate GSS Head Office (via Gil Puyat Ave),Shared Services Team Lead,90000.0,517.24,4.4,780.0,false,2,80,4,3,1,2,15,12,11,2,false
44,Female,Married,Alabang Shared Services Data Center (via SLEX Southern Line),GSS Operations Director (Head),170000.0,862.07,4.4,780.0,true,4,80,4,4,3,3,23,12,11,11,false
31,Female,Married,Alabang Shared Services Data Center (via SLEX Southern Line),Remuneration Specialist (HR Admin II),65000.0,373.56,4.4,780.0,false,2,80,4,1,1,3,13,12,7,5,false
32,Male,Married,BGC Regional Operations Hub (via EDSA/Kalayaan),Remuneration Specialist (HR Admin II),65000.0,373.56,4.4,780.0,false,2,80,3,4,3,2,13,13,8,4,false
32,Female,Married,BGC Regional Operations Hub (via EDSA/Kalayaan),Remuneration Specialist (HR Admin II),55000.0,316.09,4.4,780.0,true,2,80,2,3,4,3,13,13,12,11,false
36,Male,Married,Makati Corporate GSS Head Office (via Gil Puyat Ave),Shared Services Team Lead,90000.0,517.24,4.4,780.0,false,2,80,4,1,1,3,16,13,9,1,false
35,Female,Married,BGC Regional Operations Hub (via EDSA/Kalayaan),Shared Services Team Lead,90000.0,517.24,4.4,780.0,true,2,80,4,3,2,2,16,13,2,4,false
31,Male,Divorced,BGC Regional Operations Hub (via EDSA/Kalayaan),Shared Services Team Lead,90000.0,517.24,4.4,780.0,false,3,80,4,1,1,3,13,13,7,9,false
34,Male,Single,Makati Corporate GSS Head Office (via Gil Puyat Ave),Remuneration Specialist (HR Admin II),48000.0,275.86,4.4,780.0,false,1,80,1,4,4,3,15,13,9,3,false
35,Male,Married,BGC Regional Operations Hub (via EDSA/Kalayaan),Shared Services Team Lead,72000.0,413.79,4.4,780.0,false,2,80,1,4,3,3,15,13,12,6,true
32,Male,Married,Makati Corporate GSS Head Office (via Gil Puyat Ave),Shared Services Team Lead,90000.0,517.24,4.4,780.0,false,1,80,4,4,3,2,14,14,8,9,true
41,Male,Single,BGC Regional Operations Hub (via EDSA/Kalayaan),Remuneration Specialist (HR Admin II),65000.0,373.56,4.4,780.0,false,3,80,4,4,4,3,16,14,3,1,false
53,Female,Single,Makati Corporate GSS Head Office (via Gil Puyat Ave),Remuneration Specialist (HR Admin II),48000.0,275.86,4.4,780.0,false,3,80,1,4,4,4,18,14,7,8,false
37,Male,Married,Makati Corporate GSS Head Office (via Gil Puyat Ave),Shared Services Team Lead,90000.0,517.24,4.4,780.0,false,2,80,3,1,3,1,17,14,1,11,true
34,Male,Single,Makati Corporate GSS Head Office (via Gil Puyat Ave),Shared Services Team Lead,90000.0,517.24,4.4,780.0,false,3,80,4,1,1,2,14,14,8,2,false
32,Female,Married,Makati Corporate GSS Head Office (via Gil Puyat Ave),Shared Services Team Lead,90000.0,517.24,4.4,780.0,false,3,80,4,3,3,3,14,14,10,5,false
35,Male,Single,Makati Corporate GSS Head Office (via Gil Puyat Ave),Remuneration Specialist (HR Admin II),48000.0,275.86,4.4,780.0,false,2,80,1,3,2,3,16,15,13,2,false
39,Female,Married,Makati Corporate GSS Head Office (via Gil Puyat Ave),Remuneration Specialist (HR Admin II),65000.0,373.56,4.4,780.0,false,2,80,3,4,3,4,17,15,11,5,false
34,Male,Divorced,Makati Corporate GSS Head Office (via Gil Puyat Ave),Remuneration Specialist (HR Admin II),65000.0,373.56,4.4,780.0,false,4,80,4,2,4,2,16,15,1,0,false
53,Female,Married,Makati Corporate GSS Head Office (via Gil Puyat Ave),Shared Services Team Lead,75000.0,431.03,4.4,780.0,false,2,80,2,3,1,3,30,15,7,6,false
45,Female,Married,BGC Regional Operations Hub (via EDSA/Kalayaan),Remuneration Specialist (HR Admin II),65000.0,373.56,4.4,780.0,false,2,80,3,2,4,3,15,15,10,4,false
36,Female,Married,BGC Regional Operations Hub (via EDSA/Kalayaan),Remuneration Specialist (HR Admin II),48000.0,275.86,4.4,780.0,false,4,80,1,1,4,2,17,15,7,6,false
34,Female,Single,Alabang Shared Services Data Center (via SLEX Southern Line),Remuneration Specialist (HR Admin II),55000.0,316.09,4.4,780.0,true,2,80,2,1,3,4,16,15,9,10,true
34,Male,Divorced,BGC Regional Operations Hub (via EDSA/Kalayaan),Remuneration Specialist (HR Admin II),65000.0,373.56,4.4,780.0,true,3,80,3,4,3,3,15,15,14,0,false
38,Male,Married,Makati Corporate GSS Head Office (via Gil Puyat Ave),Remuneration Specialist (HR Admin II),55000.0,316.09,4.4,780.0,false,3,80,2,4,1,3,16,15,13,5,false
36,Male,Divorced,BGC Regional Operations Hub (via EDSA/Kalayaan),Remuneration Specialist (HR Admin II),65000.0,373.56,4.4,780.0,false,1,80,4,4,1,2,15,15,12,11,false
38,Male,Divorced,Makati Corporate GSS Head Office (via Gil Puyat Ave),Shared Services Team Lead,90000.0,517.24,4.4,780.0,false,3,80,3,1,3,2,17,16,10,5,false
36,Male,Married,Makati Corporate GSS Head Office (via Gil Puyat Ave),Shared Services Team Lead,90000.0,517.24,4.4,780.0,true,2,80,4,3,1,3,16,16,7,3,true
60,Female,Married,Alabang Shared Services Data Center (via SLEX Southern Line),Shared Services Team Lead,72000.0,413.79,4.4,780.0,false,2,80,1,3,4,4,22,18,13,13,false
40,Male,Married,Alabang Shared Services Data Center (via SLEX Southern Line),Shared Services Team Lead,72000.0,413.79,4.4,780.0,true,2,80,1,4,3,3,20,18,13,1,false
36,Male,Married,Makati Corporate GSS Head Office (via Gil Puyat Ave),Remuneration Specialist (HR Admin II),65000.0,373.56,4.4,780.0,true,3,80,4,2,4,2,18,18,14,4,false
50,Female,Married,Makati Corporate GSS Head Office (via Gil Puyat Ave),Remuneration Specialist (HR Admin II),65000.0,373.56,4.4,780.0,false,3,80,3,4,1,3,19,18,7,0,false
45,Female,Single,BGC Regional Operations Hub (via EDSA/Kalayaan),Shared Services Team Lead,90000.0,517.24,4.4,780.0,false,2,80,4,4,4,3,23,19,7,12,false
41,Male,Single,BGC Regional Operations Hub (via EDSA/Kalayaan),Remuneration Specialist (HR Admin II),55000.0,316.09,4.4,780.0,false,1,80,2,3,1,3,19,19,2,11,false
55,Male,Single,BGC Regional Operations Hub (via EDSA/Kalayaan),GSS Operations Director (Head),170000.0,862.07,4.4,780.0,true,4,80,3,1,3,2,24,19,7,3,true
46,Female,Divorced,Makati Corporate GSS Head Office (via Gil Puyat Ave),GSS Operations Director (Head),120000.0,862.07,4.4,780.0,false,4,80,1,1,4,3,25,19,17,2,false
42,Male,Married,Makati Corporate GSS Head Office (via Gil Puyat Ave),Remuneration Specialist (HR Admin II),65000.0,373.56,4.4,780.0,false,3,80,3,2,3,3,20,20,16,11,false
42,Female,Married,Alabang Shared Services Data Center (via SLEX Southern Line),GSS Operations Director (Head),150000.0,862.07,4.4,780.0,false,3,80,2,3,4,4,23,20,4,4,false
39,Male,Single,BGC Regional Operations Hub (via EDSA/Kalayaan),GSS Operations Director (Head),120000.0,862.07,4.4,780.0,false,3,80,1,2,1,3,21,20,8,11,false
39,Female,Married,Alabang Shared Services Data Center (via SLEX Southern Line),GSS Operations Director (Head),170000.0,862.07,4.4,780.0,false,2,80,4,2,1,2,21,20,9,9,false
59,Female,Single,Alabang Shared Services Data Center (via SLEX Southern Line),Shared Services Team Lead,72000.0,413.79,4.4,780.0,false,3,80,1,1,4,2,28,21,16,7,false
42,Male,Single,BGC Regional Operations Hub (via EDSA/Kalayaan),GSS Operations Director (Head),120000.0,862.07,4.4,780.0,true,3,80,1,3,2,2,22,21,9,13,true
43,Female,Single,Makati Corporate GSS Head Office (via Gil Puyat Ave),Shared Services Team Lead,90000.0,517.24,4.4,780.0,false,2,80,4,4,4,4,23,21,7,15,false
47,Female,Divorced,Makati Corporate GSS Head Office (via Gil Puyat Ave),GSS Operations Director (Head),170000.0,862.07,4.4,780.0,true,3,80,3,4,4,2,28,22,2,11,false
41,Female,Divorced,Makati Corporate GSS Head Office (via Gil Puyat Ave),Shared Services Team Lead,90000.0,517.24,4.4,780.0,true,3,80,3,3,4,4,23,22,14,13,false
47,Male,Married,BGC Regional Operations Hub (via EDSA/Kalayaan),GSS Operations Director (Head),170000.0,862.07,4.4,780.0,false,1,80,3,3,3,1,25,23,5,14,true
46,Female,Divorced,Makati Corporate GSS Head Office (via Gil Puyat Ave),Shared Services Team Lead,72000.0,413.79,4.4,780.0,false,3,80,1,2,3,3,24,24,13,15,false
58,Male,Single,BGC Regional Operations Hub (via EDSA/Kalayaan),GSS Operations Director (Head),170000.0,862.07,4.4,780.0,false,3,80,3,4,3,2,38,37,10,1,false
23,Male,Divorced,Makati Corporate GSS Head Office (via Gil Puyat Ave),Contracts & Benefits Officer (HR Admin I),32000.0,183.91,4.4,780.0,false,3,80,1,3,3,3,3,0,0,0,false
19,Male,Single,Alabang Shared Services Data Center (via SLEX Southern Line),Contracts & Benefits Officer (HR Admin I),40000.0,229.89,4.4,780.0,true,3,80,3,4,4,2,0,0,0,0,true
19,Female,Single,Makati Corporate GSS Head Office (via Gil Puyat Ave),Global Mobility Officer (HR Admin I),32000.0,183.91,4.4,780.0,false,1,80,1,3,1,4,1,0,0,0,true
18,Female,Single,BGC Regional Operations Hub (via EDSA/Kalayaan),Contracts & Benefits Officer (HR Admin I),40000.0,229.89,4.4,780.0,false,2,80,3,4,1,3,0,0,0,0,false
47,Male,Single,Makati Corporate GSS Head Office (via Gil Puyat Ave),Specialized Shared Services Analyst,65000.0,373.56,4.4,780.0,false,3,80,3,2,1,3,5,0,0,0,false
18,Male,Single,Alabang Shared Services Data Center (via SLEX Southern Line),Contracts & Benefits Officer (HR Admin I),35000.0,201.15,4.4,780.0,true,3,80,2,2,4,3,0,0,0,0,true
18,Female,Single,Makati Corporate GSS Head Office (via Gil Puyat Ave),Contracts & Benefits Officer (HR Admin I),40000.0,229.89,4.4,780.0,true,3,80,4,2,3,4,0,0,0,0,true
39,Male,Married,Alabang Shared Services Data Center (via SLEX Southern Line),Specialized Shared Services Analyst,65000.0,373.56,4.4,780.0,false,3,80,4,4,3,4,19,1,0,0,true
33,Female,Single,Alabang Shared Services Data Center (via SLEX Southern Line),Contracts & Benefits Officer (HR Admin I),40000.0,229.89,4.4,780.0,true,3,80,3,4,2,3,1,1,0,0,true
21,Female,Single,BGC Regional Operations Hub (via EDSA/Kalayaan),Contracts & Benefits Officer (HR Admin I),35000.0,201.15,4.4,780.0,false,4,80,2,3,4,3,1,1,0,0,true
30,Male,Married,Makati Corporate GSS Head Office (via Gil Puyat Ave),Contracts & Benefits Officer (HR Admin I),35000.0,201.15,4.4,780.0,false,3,80,2,3,1,3,1,1,0,0,false
30,Male,Married,BGC Regional Operations Hub (via EDSA/Kalayaan),Contracts & Benefits Officer (HR Admin I),32000.0,183.91,4.4,780.0,false,2,80,1,2,3,4,1,1,0,0,true
29,Male,Single,BGC Regional Operations Hub (via EDSA/Kalayaan),Contracts & Benefits Officer (HR Admin I),40000.0,229.89,4.4,780.0,false,3,80,3,3,3,3,1,1,0,0,false
25,Male,Married,Alabang Shared Services Data Center (via SLEX Southern Line),Contracts & Benefits Officer (HR Admin I),35000.0,201.15,4.4,780.0,true,2,80,2,3,3,3,1,1,0,0,true
19,Male,Single,Alabang Shared Services Data Center (via SLEX Southern Line),Contracts & Benefits Officer (HR Admin I),35000.0,201.15,4.4,780.0,true,2,80,2,4,2,4,1,1,0,0,true
34,Female,Married,BGC Regional Operations Hub (via EDSA/Kalayaan),Contracts & Benefits Officer (HR Admin I),40000.0,229.89,4.4,780.0,true,3,80,3,3,4,3,1,1,1,0,false
28,Male,Married,BGC Regional Operations Hub (via EDSA/Kalayaan),Global Mobility Officer (HR Admin I),35000.0,201.15,4.4,780.0,false,3,80,2,4,2,3,1,1,0,0,false
32,Female,Divorced,Makati Corporate GSS Head Office (via Gil Puyat Ave),Contracts & Benefits Officer (HR Admin I),32000.0,183.91,4.4,780.0,false,3,80,1,3,3,3,1,1,0,0,false
25,Male,Single,Alabang Shared Services Data Center (via SLEX Southern Line),Contracts & Benefits Officer (HR Admin I),40000.0,229.89,4.4,780.0,true,1,80,4,3,4,3,1,1,0,1,true
27,Female,Married,BGC Regional Operations Hub (via EDSA/Kalayaan),Contracts & Benefits Officer (HR Admin I),40000.0,229.89,4.4,780.0,false,4,80,4,3,2,3,5,1,0,0,false
31,Female,Single,Makati Corporate GSS Head Office (via Gil Puyat Ave),Contracts & Benefits Officer (HR Admin I),40000.0,229.89,4.4,780.0,false,2,80,4,3,3,4,3,1,0,0,true
31,Female,Single,Makati Corporate GSS Head Office (via Gil Puyat Ave),Contracts & Benefits Officer (HR Admin I),40000.0,229.89,4.4,780.0,false,1,80,3,2,2,3,1,1,0,0,true
35,Male,Married,BGC Regional Operations Hub (via EDSA/Kalayaan),Contracts & Benefits Officer (HR Admin I),40000.0,229.89,4.4,780.0,false,3,80,3,4,1,3,1,1,0,0,false
24,Female,Married,BGC Regional Operations Hub (via EDSA/Kalayaan),Contracts & Benefits Officer (HR Admin I),35000.0,201.15,4.4,780.0,false,3,80,2,4,3,3,1,1,0,0,false
21,Male,Single,BGC Regional Operations Hub (via EDSA/Kalayaan),Contracts & Benefits Officer (HR Admin I),35000.0,201.15,4.4,780.0,false,3,80,2,2,2,3,1,1,0,1,true
28,Female,Married,Makati Corporate GSS Head Office (via Gil Puyat Ave),Contracts & Benefits Officer (HR Admin I),35000.0,201.15,4.4,780.0,false,3,80,2,2,4,3,1,1,0,0,false
30,Male,Single,BGC Regional Operations Hub (via EDSA/Kalayaan),Contracts & Benefits Officer (HR Admin I),40000.0,229.89,4.4,780.0,false,3,80,4,2,3,2,1,1,0,0,true
29,Male,Single,Alabang Shared Services Data Center (via SLEX Southern Line),Contracts & Benefits Officer (HR Admin I),32000.0,183.91,4.4,780.0,false,4,80,1,3,4,3,1,1,0,0,true
38,Male,Single,Makati Corporate GSS Head Office (via Gil Puyat Ave),Contracts & Benefits Officer (HR Admin I),32000.0,183.91,4.4,780.0,false,2,80,1,1,1,2,20,1,0,0,false
23,Male,Married,BGC Regional Operations Hub (via EDSA/Kalayaan),Contracts & Benefits Officer (HR Admin I),32000.0,183.91,4.4,780.0,false,3,80,1,4,1,2,1,1,0,1,true
35,Female,Married,Makati Corporate GSS Head Office (via Gil Puyat Ave),Contracts & Benefits Officer (HR Admin I),40000.0,229.89,4.4,780.0,false,3,80,4,4,1,3,2,2,2,2,false
31,Female,Divorced,Alabang Shared Services Data Center (via SLEX Southern Line),Contracts & Benefits Officer (HR Admin I),35000.0,201.15,4.4,780.0,false,3,80,2,4,3,2,2,2,2,2,false
34,Female,Divorced,BGC Regional Operations Hub (via EDSA/Kalayaan),Contracts & Benefits Officer (HR Admin I),40000.0,229.89,4.4,780.0,false,1,80,3,4,4,2,3,2,2,1,true
24,Male,Married,Alabang Shared Services Data Center (via SLEX Southern Line),Contracts & Benefits Officer (HR Admin I),40000.0,229.89,4.4,780.0,false,3,80,4,4,3,3,3,2,2,2,false
50,Male,Married,BGC Regional Operations Hub (via EDSA/Kalayaan),Contracts & Benefits Officer (HR Admin I),35000.0,201.15,4.4,780.0,false,3,80,2,4,4,3,4,2,2,2,false
29,Male,Divorced,BGC Regional Operations Hub (via EDSA/Kalayaan),Contracts & Benefits Officer (HR Admin I),35000.0,201.15,4.4,780.0,false,3,80,2,4,4,3,2,2,2,2,false
38,Male,Married,BGC Regional Operations Hub (via EDSA/Kalayaan),Contracts & Benefits Officer (HR Admin I),35000.0,201.15,4.4,780.0,false,2,80,2,2,4,3,3,2,2,1,false
20,Female,Single,Makati Corporate GSS Head Office (via Gil Puyat Ave),Contracts & Benefits Officer (HR Admin I),40000.0,229.89,4.4,780.0,false,2,80,3,3,4,2,2,2,2,0,true
33,Female,Single,BGC Regional Operations Hub (via EDSA/Kalayaan),Contracts & Benefits Officer (HR Admin I),40000.0,229.89,4.4,780.0,false,2,80,4,2,4,2,3,2,2,2,false
20,Female,Single,BGC Regional Operations Hub (via EDSA/Kalayaan),Contracts & Benefits Officer (HR Admin I),40000.0,229.89,4.4,780.0,true,3,80,4,4,2,3,2,2,2,0,true
31,Male,Married,Alabang Shared Services Data Center (via SLEX Southern Line),Contracts & Benefits Officer (HR Admin I),40000.0,229.89,4.4,780.0,false,4,80,4,3,1,3,3,2,2,2,false
20,Male,Single,Alabang Shared Services Data Center (via SLEX Southern Line),Contracts & Benefits Officer (HR Admin I),40000.0,229.89,4.4,780.0,false,4,80,4,3,4,3,2,2,1,2,false
20,Female,Single,Makati Corporate GSS Head Office (via Gil Puyat Ave),Contracts & Benefits Officer (HR Admin I),40000.0,229.89,4.4,780.0,false,3,80,3,3,1,3,2,2,2,2,false
20,Male,Single,BGC Regional Operations Hub (via EDSA/Kalayaan),Contracts & Benefits Officer (HR Admin I),32000.0,183.91,4.4,780.0,false,3,80,1,4,1,3,2,2,2,0,false
29,Female,Single,BGC Regional Operations Hub (via EDSA/Kalayaan),Contracts & Benefits Officer (HR Admin I),35000.0,201.15,4.4,780.0,false,1,80,2,2,3,3,2,2,2,2,true
31,Male,Married,Makati Corporate GSS Head Office (via Gil Puyat Ave),Contracts & Benefits Officer (HR Admin I),40000.0,229.89,4.4,780.0,false,3,80,3,1,3,3,3,2,2,1,false
32,Male,Married,Makati Corporate GSS Head Office (via Gil Puyat Ave),Contracts & Benefits Officer (HR Admin I),35000.0,201.15,4.4,780.0,false,2,80,2,2,2,3,3,2,2,2,false
21,Male,Single,Alabang Shared Services Data Center (via SLEX Southern Line),Contracts & Benefits Officer (HR Admin I),32000.0,183.91,4.4,780.0,true,3,80,1,3,4,3,2,2,2,1,false
50,Male,Married,Makati Corporate GSS Head Office (via Gil Puyat Ave),Contracts & Benefits Officer (HR Admin I),40000.0,229.89,4.4,780.0,true,2,80,3,1,3,3,3,3,2,0,true
21,Female,Single,Makati Corporate GSS Head Office (via Gil Puyat Ave),Contracts & Benefits Officer (HR Admin I),35000.0,201.15,4.4,780.0,true,2,80,2,1,3,3,3,3,2,1,true
21,Male,Single,BGC Regional Operations Hub (via EDSA/Kalayaan),Global Mobility Officer (HR Admin I),40000.0,229.89,4.4,780.0,false,3,80,4,1,3,2,3,3,2,2,false
30,Male,Single,BGC Regional Operations Hub (via EDSA/Kalayaan),Contracts & Benefits Officer (HR Admin I),35000.0,201.15,4.4,780.0,false,3,80,2,4,1,3,4,3,2,1,false
21,Male,Single,Alabang Shared Services Data Center (via SLEX Southern Line),Contracts & Benefits Officer (HR Admin I),40000.0,229.89,4.4,780.0,false,3,80,3,3,3,3,3,3,2,1,false
35,Female,Married,BGC Regional Operations Hub (via EDSA/Kalayaan),Contracts & Benefits Officer (HR Admin I),40000.0,229.89,4.4,780.0,false,3,80,4,1,2,2,3,3,2,0,false
29,Female,Divorced,Makati Corporate GSS Head Office (via Gil Puyat Ave),Contracts & Benefits Officer (HR Admin I),40000.0,229.89,4.4,780.0,true,2,80,3,2,3,3,5,3,2,0,true
47,Female,Single,Makati Corporate GSS Head Office (via Gil Puyat Ave),Contracts & Benefits Officer (HR Admin I),40000.0,229.89,4.4,780.0,true,2,80,4,4,1,2,3,3,2,1,false
29,Female,Married,Alabang Shared Services Data Center (via SLEX Southern Line),Contracts & Benefits Officer (HR Admin I),40000.0,229.89,4.4,780.0,false,3,80,4,3,2,3,3,3,1,0,false
31,Female,Single,Makati Corporate GSS Head Office (via Gil Puyat Ave),Contracts & Benefits Officer (HR Admin I),35000.0,201.15,4.4,780.0,true,3,80,2,4,1,4,3,3,2,2,true
25,Male,Married,BGC Regional Operations Hub (via EDSA/Kalayaan),Contracts & Benefits Officer (HR Admin I),32000.0,183.91,4.4,780.0,false,2,80,1,1,1,3,6,3,2,2,true
28,Male,Married,Makati Corporate GSS Head Office (via Gil Puyat Ave),Contracts & Benefits Officer (HR Admin I),40000.0,229.89,4.4,780.0,false,3,80,3,1,4,4,5,3,2,1,true
36,Male,Single,Makati Corporate GSS Head Office (via Gil Puyat Ave),Global Mobility Officer (HR Admin I),40000.0,229.89,4.4,780.0,true,3,80,4,3,4,2,7,3,2,1,false
23,Male,Divorced,BGC Regional Operations Hub (via EDSA/Kalayaan),Global Mobility Officer (HR Admin I),40000.0,229.89,4.4,780.0,true,3,80,4,3,2,3,3,3,2,0,true
34,Female,Married,Makati Corporate GSS Head Office (via Gil Puyat Ave),Contracts & Benefits Officer (HR Admin I),40000.0,229.89,4.4,780.0,false,3,80,3,3,4,3,6,4,3,1,false
41,Female,Single,Alabang Shared Services Data Center (via SLEX Southern Line),Global Mobility Officer (HR Admin I),35000.0,201.15,4.4,780.0,true,3,80,2,2,4,2,4,4,3,0,true
32,Female,Married,Makati Corporate GSS Head Office (via Gil Puyat Ave),Contracts & Benefits Officer (HR Admin I),35000.0,201.15,4.4,780.0,false,3,80,2,3,1,3,6,4,3,1,false
27,Male,Divorced,Makati Corporate GSS Head Office (via Gil Puyat Ave),Contracts & Benefits Officer (HR Admin I),32000.0,183.91,4.4,780.0,false,3,80,1,3,2,3,5,4,3,0,true
38,Female,Married,Makati Corporate GSS Head Office (via Gil Puyat Ave),Specialized Shared Services Analyst,65000.0,373.56,4.4,780.0,true,1,80,4,2,1,2,20,4,2,0,false
26,Female,Single,Alabang Shared Services Data Center (via SLEX Southern Line),Contracts & Benefits Officer (HR Admin I),40000.0,229.89,4.4,780.0,false,2,80,3,4,4,3,5,4,2,0,false
36,Male,Single,BGC Regional Operations Hub (via EDSA/Kalayaan),Global Mobility Officer (HR Admin I),32000.0,183.91,4.4,780.0,false,2,80,1,3,2,3,10,5,3,0,true
24,Female,Single,Makati Corporate GSS Head Office (via Gil Puyat Ave),Contracts & Benefits Officer (HR Admin I),35000.0,201.15,4.4,780.0,true,3,80,2,1,2,3,6,5,3,1,true
37,Female,Married,Alabang Shared Services Data Center (via SLEX Southern Line),Contracts & Benefits Officer (HR Admin I),40000.0,229.89,4.4,780.0,false,3,80,4,3,2,3,10,5,4,0,false
35,Female,Married,Alabang Shared Services Data Center (via SLEX Southern Line),Global Mobility Officer (HR Admin I),40000.0,229.89,4.4,780.0,false,2,80,3,2,1,3,6,5,3,4,false
53,Male,Married,BGC Regional Operations Hub (via EDSA/Kalayaan),Specialized Shared Services Analyst,65000.0,373.56,4.4,780.0,true,3,80,3,2,4,1,13,7,7,4,false
25,Male,Married,BGC Regional Operations Hub (via EDSA/Kalayaan),Contracts & Benefits Officer (HR Admin I),40000.0,229.89,4.4,780.0,false,3,80,3,2,3,3,7,7,4,0,false
31,Male,Married,BGC Regional Operations Hub (via EDSA/Kalayaan),Contracts & Benefits Officer (HR Admin I),40000.0,229.89,4.4,780.0,false,2,80,3,2,2,4,13,7,7,5,false
34,Female,Divorced,BGC Regional Operations Hub (via EDSA/Kalayaan),Contracts & Benefits Officer (HR Admin I),40000.0,229.89,4.4,780.0,true,3,80,3,3,4,3,8,8,2,0,false
45,Male,Single,Makati Corporate GSS Head Office (via Gil Puyat Ave),Specialized Shared Services Analyst,65000.0,373.56,4.4,780.0,false,1,80,3,2,1,3,9,8,7,3,false
37,Male,Divorced,Makati Corporate GSS Head Office (via Gil Puyat Ave),Contracts & Benefits Officer (HR Admin I),40000.0,229.89,4.4,780.0,false,3,80,4,1,3,3,13,9,8,5,false
48,Female,Married,BGC Regional Operations Hub (via EDSA/Kalayaan),Contracts & Benefits Officer (HR Admin I),40000.0,229.89,4.4,780.0,true,3,80,3,4,3,3,19,9,7,7,true
27,Female,Married,Alabang Shared Services Data Center (via SLEX Southern Line),Specialized Shared Services Analyst,65000.0,373.56,4.4,780.0,false,2,80,3,2,4,3,9,9,8,5,false
52,Male,Divorced,Alabang Shared Services Data Center (via SLEX Southern Line),Contracts & Benefits Officer (HR Admin I),40000.0,229.89,4.4,780.0,false,3,80,4,1,2,2,16,9,8,0,false
34,Male,Married,BGC Regional Operations Hub (via EDSA/Kalayaan),Global Mobility Officer (HR Admin I),40000.0,229.89,4.4,780.0,true,3,80,3,2,2,3,12,11,10,5,false
36,Female,Single,Makati Corporate GSS Head Office (via Gil Puyat Ave),Specialized Shared Services Analyst,65000.0,373.56,4.4,780.0,false,3,80,4,3,3,2,17,13,7,6,false